<?xml version = '1.0' encoding = 'UTF-8'?>
<FKArc class="oracle.dbtools.crest.model.design.relational.FKArc" directorySegmentName="seg_0" id="C22716D4-9BEA-903E-3D81-B69458799E84" name="Arc_1">
<createdBy>Matthew</createdBy>
<createdTime>2020-04-14 14:43:12 UTC</createdTime>
<ownerDesignName>model</ownerDesignName>
<mandatory>false</mandatory>
<reverseArc>true</reverseArc>
<table>44634C3A-0854-51C7-2316-E0B559875B61</table>
<discriminatorColumn>46D73B76-C388-EC9B-B197-0369071F5757</discriminatorColumn>
<fkeys>
<fkeyID>D9198BA3-6CDC-7C5A-EE4C-AA093923DF0D</fkeyID>
<fkeyID>39668C84-417A-E8DF-BB79-5C1D7F9C448C</fkeyID>
</fkeys>
</FKArc>