<?xml version = '1.0' encoding = 'UTF-8'?>
<Diagram class="oracle.dbtools.crest.swingui.relational.DPVRelational" name="Relational_1" id="8F074DE5-B8F0-BC42-CA85-C7BB51139F5F">
<createdBy>Matthew</createdBy>
<modifiedBy>Matthew</modifiedBy>
<createdTime>2020-04-14 14:43:12 UTC</createdTime>
<autoRoute>false</autoRoute>
<boxInbox>true</boxInbox>
<showLegend>false</showLegend>
<showLabels>false</showLabels>
<showRelAttributes>false</showRelAttributes>
<gridEnabled>false</gridEnabled>
<showGrid>false</showGrid>
<diagramColor>-1</diagramColor>
<display>false</display>
<notation>1</notation>
<objectViews>
<OView class="oracle.dbtools.crest.swingui.relational.TVTable" oid="222C72DF-83A3-9CDD-A702-5F7230F7B8C3" otype="Table" vid="B97B2F84-2DE3-5F69-79CF-B6AC14A9CD3C">
<hideElementsInCurrentOnly>false</hideElementsInCurrentOnly>
<bounds x="339" y="596" width="312" height="81"/>
</OView>
<OView class="oracle.dbtools.crest.swingui.relational.TVTable" oid="2335A743-DD5E-9D8B-EC34-32CB6EA7941B" otype="Table" vid="398AA1B7-920A-62F2-55D7-837752FF2240">
<hideElementsInCurrentOnly>false</hideElementsInCurrentOnly>
<bounds x="670" y="529" width="270" height="124"/>
</OView>
<OView class="oracle.dbtools.crest.swingui.relational.TVTable" oid="3724453C-AB33-76F3-C435-F17383C923B2" otype="Table" vid="56360495-87C4-A836-B521-1687C42F8638">
<hideElementsInCurrentOnly>false</hideElementsInCurrentOnly>
<bounds x="1321" y="280" width="218" height="137"/>
</OView>
<OView class="oracle.dbtools.crest.swingui.relational.TVTable" oid="3939C1C6-7B5F-C6DC-4C41-B3F9710BE574" otype="Table" vid="C254A43C-A453-7BF5-AA71-990FB2ECA957">
<hideElementsInCurrentOnly>false</hideElementsInCurrentOnly>
<bounds x="647" y="404" width="245" height="78"/>
</OView>
<OView class="oracle.dbtools.crest.swingui.relational.TVTable" oid="44634C3A-0854-51C7-2316-E0B559875B61" otype="Table" vid="7BD65A8D-DB9B-7BE3-52DC-9AE472E81DCB">
<hideElementsInCurrentOnly>false</hideElementsInCurrentOnly>
<bounds x="991" y="615" width="291" height="110"/>
</OView>
<OView class="oracle.dbtools.crest.swingui.relational.TVTable" oid="59B4A0FE-F71C-6FC6-CCCE-7ACDAA88F587" otype="Table" vid="A867EF16-C72B-FD1D-3C1E-D088DD16C9CD">
<hideElementsInCurrentOnly>false</hideElementsInCurrentOnly>
<bounds x="37" y="351" width="308" height="82"/>
</OView>
<OView class="oracle.dbtools.crest.swingui.relational.TVTable" oid="6CFDC110-B581-4123-1899-A4B5AAA63E0E" otype="Table" vid="909DAEB0-C4F4-A6DD-6235-D2DDAA446D2B">
<hideElementsInCurrentOnly>false</hideElementsInCurrentOnly>
<bounds x="1319" y="613" width="226" height="78"/>
</OView>
<OView class="oracle.dbtools.crest.swingui.relational.TVTable" oid="71EDA561-9AA0-5730-4A42-A66042A4126C" otype="Table" vid="9C1BE585-6053-397C-478C-FA94A010716B">
<hideElementsInCurrentOnly>false</hideElementsInCurrentOnly>
<bounds x="220" y="120" width="331" height="154"/>
</OView>
<OView class="oracle.dbtools.crest.swingui.relational.TVTable" oid="778B2F9A-2D59-2FF6-5059-7FAA3CA9EA97" otype="Table" vid="B1C7F7CD-F221-7EE4-3277-505470E930D4">
<hideElementsInCurrentOnly>false</hideElementsInCurrentOnly>
<bounds x="55" y="512" width="274" height="166"/>
</OView>
<OView class="oracle.dbtools.crest.swingui.relational.TVTable" oid="BA0CE0AE-7BC1-6A7C-9B13-230B11396F69" otype="Table" vid="D3D701C0-484C-4038-8642-82C8698946C4">
<hideElementsInCurrentOnly>false</hideElementsInCurrentOnly>
<bounds x="378" y="349" width="238" height="121"/>
</OView>
<OView class="oracle.dbtools.crest.swingui.relational.TVTable" oid="D1644536-0EC3-7890-0D10-CBABDC29E156" otype="Table" vid="C40120C2-EABB-9375-EB65-7A6B52035B0F">
<hideElementsInCurrentOnly>false</hideElementsInCurrentOnly>
<bounds x="958" y="280" width="255" height="145"/>
</OView>
<OView class="oracle.dbtools.crest.swingui.relational.TVTable" oid="D92AACED-0493-F654-4F2B-4526C45367BC" otype="Table" vid="7A35714D-6942-3A03-6924-E435D2786324">
<hideElementsInCurrentOnly>false</hideElementsInCurrentOnly>
<bounds x="982" y="450" width="317" height="122"/>
</OView>
<OView class="oracle.dbtools.crest.swingui.relational.TVTable" oid="DBD39EB6-02C1-896D-FF74-9D75A7EA0AE5" otype="Table" vid="A9F62186-F083-1425-7342-F74ED5AFBD0C">
<hideElementsInCurrentOnly>false</hideElementsInCurrentOnly>
<bounds x="455" y="726" width="292" height="132"/>
</OView>
</objectViews>
<connectors>
<Connector class="oracle.dbtools.crest.swingui.relational.TVFKRelation" oid="1F835E48-9893-F83A-1AFE-423B5076052A" otype="FKIndexAssociation" vid_source="D3D701C0-484C-4038-8642-82C8698946C4" vid_target="9C1BE585-6053-397C-478C-FA94A010716B">
<hideElementsInCurrentOnly>false</hideElementsInCurrentOnly>
<backgroundColor>-16777216</backgroundColor>
<lineWidth>1</lineWidth>
<points>
<point x="464" y="349"/>
<point x="464" y="274"/>
</points>
</Connector>
<Connector class="oracle.dbtools.crest.swingui.relational.TVFKRelation" oid="2A29BF3E-C3CA-8AD1-F88C-D11D97EE5030" otype="FKIndexAssociation" vid_source="56360495-87C4-A836-B521-1687C42F8638" vid_target="C40120C2-EABB-9375-EB65-7A6B52035B0F">
<hideElementsInCurrentOnly>false</hideElementsInCurrentOnly>
<backgroundColor>-16777216</backgroundColor>
<lineWidth>1</lineWidth>
<points>
<point x="1321" y="348"/>
<point x="1213" y="348"/>
</points>
</Connector>
<Connector class="oracle.dbtools.crest.swingui.relational.TVFKRelation" oid="39668C84-417A-E8DF-BB79-5C1D7F9C448C" otype="FKIndexAssociation" vid_source="7BD65A8D-DB9B-7BE3-52DC-9AE472E81DCB" vid_target="A9F62186-F083-1425-7342-F74ED5AFBD0C">
<hideElementsInCurrentOnly>false</hideElementsInCurrentOnly>
<backgroundColor>-16777216</backgroundColor>
<lineWidth>1</lineWidth>
<points>
<point x="1135" y="725"/>
<point x="1135" y="796"/>
<point x="747" y="796"/>
</points>
</Connector>
<Connector class="oracle.dbtools.crest.swingui.relational.TVFKRelation" oid="528E7CA3-1BF6-23C0-6C3E-F807F1964D12" otype="FKIndexAssociation" vid_source="C40120C2-EABB-9375-EB65-7A6B52035B0F" vid_target="7A35714D-6942-3A03-6924-E435D2786324">
<hideElementsInCurrentOnly>false</hideElementsInCurrentOnly>
<backgroundColor>-16777216</backgroundColor>
<lineWidth>1</lineWidth>
<points>
<point x="1097" y="425"/>
<point x="1097" y="450"/>
</points>
</Connector>
<Connector class="oracle.dbtools.crest.swingui.relational.TVFKRelation" oid="55474D0B-6E16-E7B5-A4D3-32C17586C224" otype="FKIndexAssociation" vid_source="909DAEB0-C4F4-A6DD-6235-D2DDAA446D2B" vid_target="7BD65A8D-DB9B-7BE3-52DC-9AE472E81DCB">
<hideElementsInCurrentOnly>false</hideElementsInCurrentOnly>
<backgroundColor>-16777216</backgroundColor>
<lineWidth>1</lineWidth>
<points>
<point x="1319" y="653"/>
<point x="1282" y="653"/>
</points>
</Connector>
<Connector class="oracle.dbtools.crest.swingui.relational.TVFKRelation" oid="5E363B1F-603B-13A7-20E0-68728544A593" otype="FKIndexAssociation" vid_source="D3D701C0-484C-4038-8642-82C8698946C4" vid_target="C254A43C-A453-7BF5-AA71-990FB2ECA957">
<hideElementsInCurrentOnly>false</hideElementsInCurrentOnly>
<backgroundColor>-16777216</backgroundColor>
<lineWidth>1</lineWidth>
<points>
<point x="616" y="437"/>
<point x="647" y="437"/>
</points>
</Connector>
<Connector class="oracle.dbtools.crest.swingui.relational.TVFKRelation" oid="61B8496A-49CF-36E0-E70E-EDF5D38FCA4D" otype="FKIndexAssociation" vid_source="A867EF16-C72B-FD1D-3C1E-D088DD16C9CD" vid_target="B1C7F7CD-F221-7EE4-3277-505470E930D4">
<hideElementsInCurrentOnly>false</hideElementsInCurrentOnly>
<backgroundColor>-16777216</backgroundColor>
<lineWidth>1</lineWidth>
<points>
<point x="192" y="433"/>
<point x="192" y="512"/>
</points>
</Connector>
<Connector class="oracle.dbtools.crest.swingui.relational.TVFKRelation" oid="6E55E720-8518-3FFA-8E94-578C2F3C2FA7" otype="FKIndexAssociation" vid_source="D3D701C0-484C-4038-8642-82C8698946C4" vid_target="B97B2F84-2DE3-5F69-79CF-B6AC14A9CD3C">
<hideElementsInCurrentOnly>false</hideElementsInCurrentOnly>
<backgroundColor>-16777216</backgroundColor>
<lineWidth>1</lineWidth>
<points>
<point x="497" y="470"/>
<point x="497" y="596"/>
</points>
</Connector>
<Connector class="oracle.dbtools.crest.swingui.relational.TVFKRelation" oid="7CFE0A6B-F1AF-3BA7-B491-BA534D652A92" otype="FKIndexAssociation" vid_source="D3D701C0-484C-4038-8642-82C8698946C4" vid_target="C40120C2-EABB-9375-EB65-7A6B52035B0F">
<hideElementsInCurrentOnly>false</hideElementsInCurrentOnly>
<backgroundColor>-16777216</backgroundColor>
<lineWidth>1</lineWidth>
<points>
<point x="616" y="387"/>
<point x="958" y="387"/>
</points>
</Connector>
<Connector class="oracle.dbtools.crest.swingui.relational.TVFKRelation" oid="9F13C92C-1FB7-7385-8EED-242B74C80D3B" otype="FKIndexAssociation" vid_source="B97B2F84-2DE3-5F69-79CF-B6AC14A9CD3C" vid_target="A9F62186-F083-1425-7342-F74ED5AFBD0C">
<hideElementsInCurrentOnly>false</hideElementsInCurrentOnly>
<backgroundColor>-16777216</backgroundColor>
<lineWidth>1</lineWidth>
<points>
<point x="553" y="677"/>
<point x="553" y="726"/>
</points>
</Connector>
<Connector class="oracle.dbtools.crest.swingui.relational.TVFKRelation" oid="A2FE9C17-9FBB-82CC-38BB-B1A28C9700F2" otype="FKIndexAssociation" vid_source="C254A43C-A453-7BF5-AA71-990FB2ECA957" vid_target="398AA1B7-920A-62F2-55D7-837752FF2240">
<hideElementsInCurrentOnly>false</hideElementsInCurrentOnly>
<backgroundColor>-16777216</backgroundColor>
<lineWidth>1</lineWidth>
<points>
<point x="781" y="482"/>
<point x="781" y="529"/>
</points>
</Connector>
<Connector class="oracle.dbtools.crest.swingui.relational.TVFKRelation" oid="C06E9E24-C6C7-41CD-893C-3F8CE01EE7A5" otype="FKIndexAssociation" vid_source="D3D701C0-484C-4038-8642-82C8698946C4" vid_target="A867EF16-C72B-FD1D-3C1E-D088DD16C9CD">
<hideElementsInCurrentOnly>false</hideElementsInCurrentOnly>
<backgroundColor>-16777216</backgroundColor>
<lineWidth>1</lineWidth>
<points>
<point x="378" y="392"/>
<point x="345" y="392"/>
</points>
</Connector>
<Connector class="oracle.dbtools.crest.swingui.relational.TVFKRelation" oid="D9198BA3-6CDC-7C5A-EE4C-AA093923DF0D" otype="FKIndexAssociation" vid_source="7BD65A8D-DB9B-7BE3-52DC-9AE472E81DCB" vid_target="398AA1B7-920A-62F2-55D7-837752FF2240">
<hideElementsInCurrentOnly>false</hideElementsInCurrentOnly>
<backgroundColor>-16777216</backgroundColor>
<lineWidth>1</lineWidth>
<points>
<point x="991" y="634"/>
<point x="940" y="634"/>
</points>
</Connector>
<Connector class="oracle.dbtools.crest.swingui.relational.TVFKRelation" oid="F9719401-42E6-E51D-48C8-9FC0E3FE96A4" otype="FKIndexAssociation" vid_source="7BD65A8D-DB9B-7BE3-52DC-9AE472E81DCB" vid_target="7A35714D-6942-3A03-6924-E435D2786324">
<hideElementsInCurrentOnly>false</hideElementsInCurrentOnly>
<backgroundColor>-16777216</backgroundColor>
<lineWidth>1</lineWidth>
<points>
<point x="1136" y="615"/>
<point x="1136" y="572"/>
</points>
</Connector>
</connectors>
<arcs>
<Arc class="oracle.dbtools.crest.swingui.relational.TVFKArc" oid="C22716D4-9BEA-903E-3D81-B69458799E84" otype="FKArc" vid="579A420B-8C01-2C29-EEE7-EFB391762DFC">
<hideElementsInCurrentOnly>false</hideElementsInCurrentOnly>
<bounds x="971" y="595" width="331" height="150"/>
</Arc>
</arcs>
</Diagram>