<?xml version = '1.0' encoding = 'UTF-8'?>
<Diagram class="oracle.dbtools.crest.swingui.logical.DPVLogical" name="Logical" id="DE219D51-4785-9FD1-E384-1D32EE820314">
<createdBy>Matthew</createdBy>
<modifiedBy>Matthew</modifiedBy>
<createdTime>2020-04-14 13:27:43 UTC</createdTime>
<autoRoute>false</autoRoute>
<boxInbox>true</boxInbox>
<showLegend>false</showLegend>
<showLabels>true</showLabels>
<showRelAttributes>false</showRelAttributes>
<gridEnabled>false</gridEnabled>
<showGrid>false</showGrid>
<diagramColor>-1</diagramColor>
<display>false</display>
<notation>1</notation>
<objectViews>
<OView class="oracle.dbtools.crest.swingui.logical.TVEntity" oid="125206A4-3488-B2BC-E675-908D5E389E93" otype="Entity" vid="AB536A01-5AE6-B19E-8C76-04A133DC1939">
<hideElementsInCurrentOnly>false</hideElementsInCurrentOnly>
<bounds x="18" y="250" width="92" height="55"/>
</OView>
<OView class="oracle.dbtools.crest.swingui.logical.TVEntity" oid="15FB460C-A263-35F1-1012-BA95FD71A51D" otype="Entity" vid="C34617B4-7217-4DDD-BF82-4B9EC07E84C8">
<hideElementsInCurrentOnly>false</hideElementsInCurrentOnly>
<bounds x="650" y="410" width="170" height="110"/>
</OView>
<OView class="oracle.dbtools.crest.swingui.logical.TVEntity" oid="3D084C00-AB01-9D82-81D0-A80468498851" otype="Entity" vid="F2D0DD2B-2981-C1E3-C4E1-995A9983BD8C">
<hideElementsInCurrentOnly>false</hideElementsInCurrentOnly>
<bounds x="440" y="382" width="74" height="56"/>
</OView>
<OView class="oracle.dbtools.crest.swingui.TVNote" oid="3D28E42B-1741-D6F4-6DAB-D2B925016314" otype="Note" vid="11BF4C7B-0411-3162-7F5C-647ED6A5428A">
<hideElementsInCurrentOnly>false</hideElementsInCurrentOnly>
<bounds x="1112" y="390" width="170" height="108"/>
<comment>Typ může být:
Masáž - 1
Výuka - 2
Ski-park vstup
Heli Skiing
Procházka s průvodcem
</comment>
</OView>
<OView class="oracle.dbtools.crest.swingui.logical.TVEntity" oid="4711D58C-F0CC-B5E2-ECA7-34B9B8C47659" otype="Entity" vid="F6A2DE89-2732-5088-465E-247FB3B6C7CB">
<hideElementsInCurrentOnly>false</hideElementsInCurrentOnly>
<bounds x="426" y="460" width="103" height="73"/>
</OView>
<OView class="oracle.dbtools.crest.swingui.logical.TVEntity" oid="5022BA1A-2BB5-C570-8A22-F4ABD497A9FD" otype="Entity" vid="A64839F6-29A3-320F-B349-70A2107B0BCA">
<hideElementsInCurrentOnly>false</hideElementsInCurrentOnly>
<bounds x="442" y="252" width="87" height="58"/>
</OView>
<OView class="oracle.dbtools.crest.swingui.logical.TVEntity" oid="5170259A-6EA9-FD9D-6607-ADABCFEEB370" otype="Entity" vid="8B86BD1A-0A8B-C5AF-07D6-2EB436528FBF">
<hideElementsInCurrentOnly>false</hideElementsInCurrentOnly>
<bounds x="24" y="365" width="142" height="110"/>
</OView>
<OView class="oracle.dbtools.crest.swingui.logical.TVEntity" oid="60A4D331-E45D-0A4A-6564-F2C0BC7C4025" otype="Entity" vid="F641E2D0-B638-A691-E512-1D3912927427">
<hideElementsInCurrentOnly>false</hideElementsInCurrentOnly>
<bounds x="215" y="194" width="170" height="110"/>
</OView>
<OView class="oracle.dbtools.crest.swingui.logical.TVEntity" oid="7991D007-02C5-B461-CF5F-F5BF80A6EA90" otype="Entity" vid="B6EE5F07-41E1-3534-292A-36A6DCBBDB49">
<hideElementsInCurrentOnly>false</hideElementsInCurrentOnly>
<bounds x="1064" y="184" width="170" height="110"/>
</OView>
<OView class="oracle.dbtools.crest.swingui.logical.TVEntity" oid="79C7BF05-A270-5B5C-5916-8EE3128B2BE8" otype="Entity" vid="7C4490C5-60CB-F498-542E-79CCE6302BCF">
<hideElementsInCurrentOnly>false</hideElementsInCurrentOnly>
<bounds x="757" y="331" width="76" height="42"/>
</OView>
<OView class="oracle.dbtools.crest.swingui.logical.TVEntity" oid="9655023E-EC0D-E988-1CA8-D8A6D856D3F8" otype="Entity" vid="B4D399AA-20C5-34C1-40A1-42B2FCBBD1C5">
<hideElementsInCurrentOnly>false</hideElementsInCurrentOnly>
<bounds x="707" y="192" width="117" height="85"/>
</OView>
<OView class="oracle.dbtools.crest.swingui.logical.TVEntity" oid="BC1D9E92-55ED-CBDD-4581-BB508E9D4F6A" otype="Entity" vid="928625A2-82B7-AA72-7218-B2F0BF237459">
<hideElementsInCurrentOnly>false</hideElementsInCurrentOnly>
<bounds x="976" y="421" width="113" height="78"/>
</OView>
<OView class="oracle.dbtools.crest.swingui.logical.TVEntity" oid="E7617FF6-F5F0-B93E-5EAE-7027CEC6D27B" otype="Entity" vid="0F253C9A-A458-C345-0371-9342EC1E1A22">
<hideElementsInCurrentOnly>false</hideElementsInCurrentOnly>
<bounds x="218" y="9" width="170" height="110"/>
</OView>
<OView class="oracle.dbtools.crest.swingui.logical.TVEntity" oid="F6FAD7EF-23D4-EEC8-E978-7210023DC04F" otype="Entity" vid="5760EF1B-79B5-F13C-55F2-8469E6C6177D">
<hideElementsInCurrentOnly>false</hideElementsInCurrentOnly>
<bounds x="259" y="441" width="90" height="58"/>
</OView>
</objectViews>
<connectors>
<Connector class="oracle.dbtools.crest.swingui.logical.TVRelation" oid="1FBAB4B6-3F23-1C1E-2C2E-A5585693AE6C" otype="Relation" vid_source="5760EF1B-79B5-F13C-55F2-8469E6C6177D" vid_target="F6A2DE89-2732-5088-465E-247FB3B6C7CB">
<hideElementsInCurrentOnly>false</hideElementsInCurrentOnly>
<backgroundColor>-16777216</backgroundColor>
<lineWidth>1</lineWidth>
<sourceLabel class="oracle.dbtools.crest.model.design.Label">
<site>0</site>
<labelBounds x="359" y="449" width="50" height="30"/>
<noBackgroundColor>true</noBackgroundColor>
<noForegroundColor>true</noForegroundColor>
</sourceLabel>
<points>
<point x="349" y="479"/>
<point x="426" y="479"/>
</points>
</Connector>
<Connector class="oracle.dbtools.crest.swingui.logical.TVRelation" oid="292AEC7E-6FEC-654A-9267-A201028A2BA3" otype="Relation" vid_source="F641E2D0-B638-A691-E512-1D3912927427" vid_target="AB536A01-5AE6-B19E-8C76-04A133DC1939">
<hideElementsInCurrentOnly>false</hideElementsInCurrentOnly>
<backgroundColor>-16777216</backgroundColor>
<lineWidth>1</lineWidth>
<sourceLabel class="oracle.dbtools.crest.model.design.Label">
<site>0</site>
<labelBounds x="146" y="268" width="63" height="24"/>
<noBackgroundColor>true</noBackgroundColor>
<noForegroundColor>true</noForegroundColor>
</sourceLabel>
<points>
<point x="215" y="292"/>
<point x="110" y="292"/>
</points>
</Connector>
<Connector class="oracle.dbtools.crest.swingui.logical.TVRelation" oid="4DB2C6FC-08A4-EF35-0C13-07A894D88ED7" otype="Relation" vid_source="C34617B4-7217-4DDD-BF82-4B9EC07E84C8" vid_target="F6A2DE89-2732-5088-465E-247FB3B6C7CB">
<hideElementsInCurrentOnly>false</hideElementsInCurrentOnly>
<backgroundColor>-16777216</backgroundColor>
<lineWidth>1</lineWidth>
<sourceLabel class="oracle.dbtools.crest.model.design.Label">
<site>0</site>
<labelBounds x="586" y="460" width="58" height="30"/>
<noBackgroundColor>true</noBackgroundColor>
<noForegroundColor>true</noForegroundColor>
</sourceLabel>
<points>
<point x="650" y="490"/>
<point x="529" y="490"/>
</points>
</Connector>
<Connector class="oracle.dbtools.crest.swingui.logical.TVRelation" oid="55445128-6011-4A8E-FE40-315269D69997" otype="Relation" vid_source="F641E2D0-B638-A691-E512-1D3912927427" vid_target="0F253C9A-A458-C345-0371-9342EC1E1A22">
<hideElementsInCurrentOnly>false</hideElementsInCurrentOnly>
<backgroundColor>-16777216</backgroundColor>
<lineWidth>1</lineWidth>
<sourceLabel class="oracle.dbtools.crest.model.design.Label">
<site>0</site>
<labelBounds x="301" y="148" width="64" height="32"/>
<noBackgroundColor>true</noBackgroundColor>
<noForegroundColor>true</noForegroundColor>
</sourceLabel>
<points>
<point x="301" y="194"/>
<point x="301" y="119"/>
</points>
</Connector>
<Connector class="oracle.dbtools.crest.swingui.logical.TVRelation" oid="8FFC3E7C-C7DE-1C47-D27C-F75559404706" otype="Relation" vid_source="F641E2D0-B638-A691-E512-1D3912927427" vid_target="B4D399AA-20C5-34C1-40A1-42B2FCBBD1C5">
<hideElementsInCurrentOnly>false</hideElementsInCurrentOnly>
<backgroundColor>-16777216</backgroundColor>
<lineWidth>1</lineWidth>
<sourceLabel class="oracle.dbtools.crest.model.design.Label">
<site>0</site>
<labelBounds x="395" y="205" width="45" height="30"/>
<noBackgroundColor>true</noBackgroundColor>
<noForegroundColor>true</noForegroundColor>
</sourceLabel>
<points>
<point x="385" y="235"/>
<point x="707" y="235"/>
</points>
</Connector>
<Connector class="oracle.dbtools.crest.swingui.logical.TVRelation" oid="9A798AA7-2579-60B9-B3C9-D6A3DFFEE5C4" otype="Relation" vid_source="B6EE5F07-41E1-3534-292A-36A6DCBBDB49" vid_target="B4D399AA-20C5-34C1-40A1-42B2FCBBD1C5">
<hideElementsInCurrentOnly>false</hideElementsInCurrentOnly>
<backgroundColor>-16777216</backgroundColor>
<lineWidth>1</lineWidth>
<sourceLabel class="oracle.dbtools.crest.model.design.Label">
<site>0</site>
<labelBounds x="993" y="204" width="65" height="30"/>
<noBackgroundColor>true</noBackgroundColor>
<noForegroundColor>true</noForegroundColor>
</sourceLabel>
<points>
<point x="1064" y="234"/>
<point x="824" y="234"/>
</points>
</Connector>
<Connector class="oracle.dbtools.crest.swingui.logical.TVRelation" oid="9D98E07A-4379-F48C-B431-ACCF2AB8ECA6" otype="Relation" vid_source="AB536A01-5AE6-B19E-8C76-04A133DC1939" vid_target="8B86BD1A-0A8B-C5AF-07D6-2EB436528FBF">
<hideElementsInCurrentOnly>false</hideElementsInCurrentOnly>
<backgroundColor>-16777216</backgroundColor>
<lineWidth>1</lineWidth>
<sourceLabel class="oracle.dbtools.crest.model.design.Label">
<site>0</site>
<labelBounds x="67" y="349" width="61" height="30"/>
<noBackgroundColor>true</noBackgroundColor>
<noForegroundColor>true</noForegroundColor>
</sourceLabel>
<points>
<point x="67" y="305"/>
<point x="67" y="365"/>
</points>
</Connector>
<Connector class="oracle.dbtools.crest.swingui.logical.TVRelation" oid="A962C77F-9EE8-531E-4DAD-E9C59EED3F1E" otype="Relation" vid_source="A64839F6-29A3-320F-B349-70A2107B0BCA" vid_target="F2D0DD2B-2981-C1E3-C4E1-995A9983BD8C">
<hideElementsInCurrentOnly>false</hideElementsInCurrentOnly>
<backgroundColor>-16777216</backgroundColor>
<lineWidth>1</lineWidth>
<sourceLabel class="oracle.dbtools.crest.model.design.Label">
<site>0</site>
<labelBounds x="478" y="346" width="50" height="30"/>
<noBackgroundColor>true</noBackgroundColor>
<noForegroundColor>true</noForegroundColor>
</sourceLabel>
<points>
<point x="478" y="310"/>
<point x="478" y="382"/>
</points>
</Connector>
<Connector class="oracle.dbtools.crest.swingui.logical.TVRelation" oid="BDE8FDB6-284A-A040-B706-592127DD1AC3" otype="Relation" vid_source="C34617B4-7217-4DDD-BF82-4B9EC07E84C8" vid_target="7C4490C5-60CB-F498-542E-79CCE6302BCF">
<hideElementsInCurrentOnly>false</hideElementsInCurrentOnly>
<backgroundColor>-16777216</backgroundColor>
<lineWidth>1</lineWidth>
<targetLabel class="oracle.dbtools.crest.model.design.Label">
<site>2</site>
<labelBounds x="761" y="386" width="38" height="30"/>
<noBackgroundColor>true</noBackgroundColor>
<noForegroundColor>true</noForegroundColor>
</targetLabel>
<points>
<point x="788" y="410"/>
<point x="788" y="373"/>
</points>
</Connector>
<Connector class="oracle.dbtools.crest.swingui.logical.TVRelation" oid="C00999D7-27D3-A0BA-B67B-1AC345FBE42F" otype="Relation" vid_source="F641E2D0-B638-A691-E512-1D3912927427" vid_target="5760EF1B-79B5-F13C-55F2-8469E6C6177D">
<hideElementsInCurrentOnly>false</hideElementsInCurrentOnly>
<backgroundColor>-16777216</backgroundColor>
<lineWidth>1</lineWidth>
<sourceLabel class="oracle.dbtools.crest.model.design.Label">
<site>0</site>
<labelBounds x="304" y="364" width="58" height="30"/>
<noBackgroundColor>true</noBackgroundColor>
<noForegroundColor>true</noForegroundColor>
</sourceLabel>
<points>
<point x="304" y="304"/>
<point x="304" y="441"/>
</points>
</Connector>
<Connector class="oracle.dbtools.crest.swingui.logical.TVRelation" oid="C8B23D32-AE90-5AD3-C2BD-D1ECD76EFD43" otype="Relation" vid_source="928625A2-82B7-AA72-7218-B2F0BF237459" vid_target="C34617B4-7217-4DDD-BF82-4B9EC07E84C8">
<hideElementsInCurrentOnly>false</hideElementsInCurrentOnly>
<backgroundColor>-16777216</backgroundColor>
<lineWidth>1</lineWidth>
<targetLabel class="oracle.dbtools.crest.model.design.Label">
<site>2</site>
<labelBounds x="831" y="468" width="79" height="30"/>
<noBackgroundColor>true</noBackgroundColor>
<noForegroundColor>true</noForegroundColor>
</targetLabel>
<points>
<point x="976" y="460"/>
<point x="820" y="460"/>
</points>
</Connector>
<Connector class="oracle.dbtools.crest.swingui.logical.TVRelation" oid="D44FEB24-47C3-FFE7-4367-2E6B26A431B7" otype="Relation" vid_source="F641E2D0-B638-A691-E512-1D3912927427" vid_target="A64839F6-29A3-320F-B349-70A2107B0BCA">
<hideElementsInCurrentOnly>false</hideElementsInCurrentOnly>
<backgroundColor>-16777216</backgroundColor>
<lineWidth>1</lineWidth>
<sourceLabel class="oracle.dbtools.crest.model.design.Label">
<site>0</site>
<labelBounds x="86" y="139" width="123" height="138"/>
<noBackgroundColor>true</noBackgroundColor>
<noForegroundColor>true</noForegroundColor>
</sourceLabel>
<points>
<point x="215" y="277"/>
<point x="442" y="277"/>
</points>
</Connector>
<Connector class="oracle.dbtools.crest.swingui.logical.TVRelation" oid="ED1771F1-7770-DEFE-BB84-A95691AA3C4A" otype="Relation" vid_source="C34617B4-7217-4DDD-BF82-4B9EC07E84C8" vid_target="F2D0DD2B-2981-C1E3-C4E1-995A9983BD8C">
<hideElementsInCurrentOnly>false</hideElementsInCurrentOnly>
<backgroundColor>-16777216</backgroundColor>
<lineWidth>1</lineWidth>
<sourceLabel class="oracle.dbtools.crest.model.design.Label">
<site>0</site>
<labelBounds x="586" y="394" width="58" height="30"/>
<noBackgroundColor>true</noBackgroundColor>
<noForegroundColor>true</noForegroundColor>
</sourceLabel>
<points>
<point x="650" y="424"/>
<point x="514" y="424"/>
</points>
</Connector>
<Connector class="oracle.dbtools.crest.swingui.logical.TVRelation" oid="FC9C949B-7AB8-DDF7-4DE3-C5525E2DBAA1" otype="Relation" vid_source="B4D399AA-20C5-34C1-40A1-42B2FCBBD1C5" vid_target="7C4490C5-60CB-F498-542E-79CCE6302BCF">
<hideElementsInCurrentOnly>false</hideElementsInCurrentOnly>
<backgroundColor>-16777216</backgroundColor>
<lineWidth>1</lineWidth>
<sourceLabel class="oracle.dbtools.crest.model.design.Label">
<site>0</site>
<labelBounds x="805" y="315" width="99" height="16"/>
<noBackgroundColor>true</noBackgroundColor>
<noForegroundColor>true</noForegroundColor>
</sourceLabel>
<points>
<point x="805" y="277"/>
<point x="805" y="331"/>
</points>
</Connector>
</connectors>
<arcs>
<Arc class="oracle.dbtools.crest.swingui.logical.TVArc" oid="9F364094-D646-9520-EB81-A78A25060DDF" otype="Arc" vid="ACBCEBBB-5BDE-D6E4-7CF6-9F7671345DC8">
<hideElementsInCurrentOnly>false</hideElementsInCurrentOnly>
<bounds x="630" y="390" width="210" height="150"/>
</Arc>
</arcs>
</Diagram>