<?xml version = '1.0' encoding = 'UTF-8'?>
<Table class="oracle.dbtools.crest.model.design.relational.Table" directorySegmentName="seg_0" id="222C72DF-83A3-9CDD-A702-5F7230F7B8C3" name="Instruktor">
<createdBy>Matthew</createdBy>
<createdTime>2020-04-14 14:43:12 UTC</createdTime>
<generatorID>F6FAD7EF-23D4-EEC8-E978-7210023DC04F</generatorID>
<ownerDesignName>model</ownerDesignName>
<allowColumnReorder>false</allowColumnReorder>
<existDependencyGenerateInDDl>true</existDependencyGenerateInDDl>
<parsed>true</parsed>
<columns itemClass="oracle.dbtools.crest.model.design.relational.Column">
<Column name="Zamestnanec_ID_zamestnanec" id="BA5D7055-C4F9-0428-319B-29298313F054">
<createdBy>Matthew</createdBy>
<createdTime>2020-04-14 14:43:12 UTC</createdTime>
<generatorID>13B8A507-51C6-4BA6-7B8C-18E3AA1B7959</generatorID>
<ownerDesignName>model</ownerDesignName>
<useDomainConstraints>false</useDomainConstraints>
<use>1</use>
<logicalDatatype>LOGDT011</logicalDatatype>
<ownDataTypeParameters>,,</ownDataTypeParameters>
<previousColumn>false</previousColumn>
<autoIncrementCycle>false</autoIncrementCycle>
<associations>
<colAssociation fkAssociation="6E55E720-8518-3FFA-8E94-578C2F3C2FA7" referredColumn="C5BDABD5-F873-B3EE-B92C-C0E41DADD0B4"/>
</associations>
</Column>
</columns>
<indexes itemClass="oracle.dbtools.crest.model.design.relational.Index">
<ind_PK_UK id="81EF0D8D-9D89-C769-B560-DEFF882F5AAD" name="Instruktor_PK">
<createdBy>Matthew</createdBy>
<createdTime>2020-04-14 14:43:12 UTC</createdTime>
<generatorID>8C1E9241-8573-877E-324C-C33505DB8A7E</generatorID>
<ownerDesignName>model</ownerDesignName>
<pk>true</pk>
<indexState>Primary Constraint</indexState>
<isSurrogateKey>false</isSurrogateKey>
<indexColumnUsage>
<colUsage columnID="BA5D7055-C4F9-0428-319B-29298313F054"/>
</indexColumnUsage>
</ind_PK_UK>
<ind_PK_UK id="6BDD564B-C0F4-1CF9-D3F3-95F8D686AB6C" name="Instruktor_Zamestnanec_FK">
<createdBy>Matthew</createdBy>
<createdTime>2020-04-14 14:43:12 UTC</createdTime>
<generatorID>C00999D7-27D3-A0BA-B67B-1AC345FBE42F</generatorID>
<ownerDesignName>model</ownerDesignName>
<indexState>Foreign Key</indexState>
<isSurrogateKey>false</isSurrogateKey>
<indexColumnUsage>
<colUsage columnID="BA5D7055-C4F9-0428-319B-29298313F054"/>
</indexColumnUsage>
</ind_PK_UK>
</indexes>
</Table>