<?xml version = '1.0' encoding = 'UTF-8'?>
<Table class="oracle.dbtools.crest.model.design.relational.Table" directorySegmentName="seg_0" id="2335A743-DD5E-9D8B-EC34-32CB6EA7941B" name="Masaz">
<createdBy>Matthew</createdBy>
<createdTime>2020-04-14 14:43:12 UTC</createdTime>
<generatorID>3D084C00-AB01-9D82-81D0-A80468498851</generatorID>
<ownerDesignName>model</ownerDesignName>
<allowColumnReorder>false</allowColumnReorder>
<existDependencyGenerateInDDl>true</existDependencyGenerateInDDl>
<parsed>true</parsed>
<columns itemClass="oracle.dbtools.crest.model.design.relational.Column">
<Column name="typ" id="86EEC554-597B-C4BF-185C-44EE09AFB19C">
<createdBy>Matthew</createdBy>
<createdTime>2020-04-14 14:43:12 UTC</createdTime>
<generatorID>C18A9745-18EB-8092-827C-379D3AC8668B</generatorID>
<ownerDesignName>model</ownerDesignName>
<useDomainConstraints>false</useDomainConstraints>
<use>1</use>
<logicalDatatype>LOGDT024</logicalDatatype>
<dataTypeSize>15 CHAR</dataTypeSize>
<ownDataTypeParameters>15 CHAR,,</ownDataTypeParameters>
<autoIncrementCycle>false</autoIncrementCycle>
</Column>
<Column name="Maser_ID_zamestnanec" id="409C7DB1-A09C-FDB9-4519-7872D4E080E4">
<createdBy>Matthew</createdBy>
<createdTime>2020-04-14 14:43:12 UTC</createdTime>
<generatorID>2C3316CE-C4B5-4B00-3775-42AE3B10A3D1</generatorID>
<ownerDesignName>model</ownerDesignName>
<useDomainConstraints>false</useDomainConstraints>
<use>1</use>
<logicalDatatype>LOGDT011</logicalDatatype>
<ownDataTypeParameters>,,</ownDataTypeParameters>
<previousColumn>false</previousColumn>
<autoIncrementCycle>false</autoIncrementCycle>
<associations>
<colAssociation fkAssociation="A2FE9C17-9FBB-82CC-38BB-B1A28C9700F2" referredColumn="98AEC30C-05EE-9F05-E1D4-D8A02A278F22"/>
</associations>
</Column>
<Column name="Sluzba_ID_sluzba" id="D07FE47F-47C5-137B-92E8-E0FDBB1FA3F6">
<createdBy>Matthew</createdBy>
<createdTime>2020-04-14 14:43:12 UTC</createdTime>
<generatorID>5EC60D39-7B5E-56F6-3804-5798C943A067</generatorID>
<ownerDesignName>model</ownerDesignName>
<useDomainConstraints>false</useDomainConstraints>
<use>1</use>
<logicalDatatype>LOGDT011</logicalDatatype>
<ownDataTypeParameters>,,</ownDataTypeParameters>
<previousColumn>false</previousColumn>
<autoIncrementCycle>false</autoIncrementCycle>
<associations>
<colAssociation fkAssociation="D9198BA3-6CDC-7C5A-EE4C-AA093923DF0D" referredColumn="AF929593-680A-DDCF-3207-0A58820336E4"/>
</associations>
</Column>
</columns>
<indexes itemClass="oracle.dbtools.crest.model.design.relational.Index">
<ind_PK_UK id="8D6F86F6-02B3-2D0B-5F5E-F082D4349ADE" name="Masaz_PK">
<createdBy>Matthew</createdBy>
<createdTime>2020-04-14 14:43:12 UTC</createdTime>
<generatorID>35D4B822-EDC3-D7AD-9720-41A137A4E241</generatorID>
<ownerDesignName>model</ownerDesignName>
<pk>true</pk>
<indexState>Primary Constraint</indexState>
<isSurrogateKey>false</isSurrogateKey>
<indexColumnUsage>
<colUsage columnID="D07FE47F-47C5-137B-92E8-E0FDBB1FA3F6"/>
</indexColumnUsage>
</ind_PK_UK>
<ind_PK_UK id="C216AE66-B29D-E241-B27F-065630997B5F" name="Masaz_Maser_FK">
<createdBy>Matthew</createdBy>
<createdTime>2020-04-14 14:43:12 UTC</createdTime>
<generatorID>A962C77F-9EE8-531E-4DAD-E9C59EED3F1E</generatorID>
<ownerDesignName>model</ownerDesignName>
<indexState>Foreign Key</indexState>
<isSurrogateKey>false</isSurrogateKey>
<indexColumnUsage>
<colUsage columnID="409C7DB1-A09C-FDB9-4519-7872D4E080E4"/>
</indexColumnUsage>
</ind_PK_UK>
<ind_PK_UK id="52A330C3-21CB-D185-D437-CE50617F4AB5" name="Masaz_Sluzba_FK">
<createdBy>Matthew</createdBy>
<createdTime>2020-04-14 14:43:12 UTC</createdTime>
<generatorID>ED1771F1-7770-DEFE-BB84-A95691AA3C4A</generatorID>
<ownerDesignName>model</ownerDesignName>
<indexState>Foreign Key</indexState>
<isSurrogateKey>false</isSurrogateKey>
<indexColumnUsage>
<colUsage columnID="D07FE47F-47C5-137B-92E8-E0FDBB1FA3F6"/>
</indexColumnUsage>
</ind_PK_UK>
</indexes>
</Table>