<?xml version = '1.0' encoding = 'UTF-8'?>
<Table class="oracle.dbtools.crest.model.design.relational.Table" directorySegmentName="seg_0" id="3939C1C6-7B5F-C6DC-4C41-B3F9710BE574" name="Maser">
<createdBy>Matthew</createdBy>
<createdTime>2020-04-14 14:43:12 UTC</createdTime>
<generatorID>5022BA1A-2BB5-C570-8A22-F4ABD497A9FD</generatorID>
<ownerDesignName>model</ownerDesignName>
<allowColumnReorder>false</allowColumnReorder>
<existDependencyGenerateInDDl>true</existDependencyGenerateInDDl>
<parsed>true</parsed>
<columns itemClass="oracle.dbtools.crest.model.design.relational.Column">
<Column name="Zamestnanec_ID_zamestnanec" id="98AEC30C-05EE-9F05-E1D4-D8A02A278F22">
<createdBy>Matthew</createdBy>
<createdTime>2020-04-14 14:43:12 UTC</createdTime>
<generatorID>84759C72-5FAA-DC78-175B-CE099C5450B2</generatorID>
<ownerDesignName>model</ownerDesignName>
<useDomainConstraints>false</useDomainConstraints>
<use>1</use>
<logicalDatatype>LOGDT011</logicalDatatype>
<ownDataTypeParameters>,,</ownDataTypeParameters>
<previousColumn>false</previousColumn>
<autoIncrementCycle>false</autoIncrementCycle>
<associations>
<colAssociation fkAssociation="5E363B1F-603B-13A7-20E0-68728544A593" referredColumn="C5BDABD5-F873-B3EE-B92C-C0E41DADD0B4"/>
</associations>
</Column>
</columns>
<indexes itemClass="oracle.dbtools.crest.model.design.relational.Index">
<ind_PK_UK id="E51B1E03-C3C5-755A-2A26-D1493EA9302D" name="Maser_PK">
<createdBy>Matthew</createdBy>
<createdTime>2020-04-14 14:43:12 UTC</createdTime>
<generatorID>077D9DB7-2E2A-DBBA-0D97-797DEBCC4FC8</generatorID>
<ownerDesignName>model</ownerDesignName>
<pk>true</pk>
<indexState>Primary Constraint</indexState>
<isSurrogateKey>false</isSurrogateKey>
<indexColumnUsage>
<colUsage columnID="98AEC30C-05EE-9F05-E1D4-D8A02A278F22"/>
</indexColumnUsage>
</ind_PK_UK>
<ind_PK_UK id="9E0B66FE-D364-0979-6299-3FEE4EA1522B" name="Maser_Zamestnanec_FK">
<createdBy>Matthew</createdBy>
<createdTime>2020-04-14 14:43:12 UTC</createdTime>
<generatorID>D44FEB24-47C3-FFE7-4367-2E6B26A431B7</generatorID>
<ownerDesignName>model</ownerDesignName>
<indexState>Foreign Key</indexState>
<isSurrogateKey>false</isSurrogateKey>
<indexColumnUsage>
<colUsage columnID="98AEC30C-05EE-9F05-E1D4-D8A02A278F22"/>
</indexColumnUsage>
</ind_PK_UK>
</indexes>
</Table>