<?xml version = '1.0' encoding = 'UTF-8'?>
<Table class="oracle.dbtools.crest.model.design.relational.Table" directorySegmentName="seg_0" id="44634C3A-0854-51C7-2316-E0B559875B61" name="Sluzba">
<createdBy>Matthew</createdBy>
<createdTime>2020-04-14 14:43:12 UTC</createdTime>
<generatorID>15FB460C-A263-35F1-1012-BA95FD71A51D</generatorID>
<ownerDesignName>model</ownerDesignName>
<allowColumnReorder>false</allowColumnReorder>
<existDependencyGenerateInDDl>true</existDependencyGenerateInDDl>
<parsed>true</parsed>
<columns itemClass="oracle.dbtools.crest.model.design.relational.Column">
<Column name="ID_sluzba" id="AF929593-680A-DDCF-3207-0A58820336E4">
<createdBy>Matthew</createdBy>
<createdTime>2020-04-14 14:43:12 UTC</createdTime>
<generatorID>CC06C746-AB45-B13D-DD11-8ED854489F48</generatorID>
<ownerDesignName>model</ownerDesignName>
<useDomainConstraints>false</useDomainConstraints>
<use>1</use>
<logicalDatatype>LOGDT011</logicalDatatype>
<ownDataTypeParameters>,,</ownDataTypeParameters>
<autoIncrementCycle>false</autoIncrementCycle>
</Column>
<Column name="Typ_sluzby_ID_typ_sluzby" id="46D73B76-C388-EC9B-B197-0369071F5757">
<createdBy>Matthew</createdBy>
<createdTime>2020-04-14 14:43:12 UTC</createdTime>
<generatorID>1FE00B6A-9481-61B2-F41E-B15A37834095</generatorID>
<ownerDesignName>model</ownerDesignName>
<useDomainConstraints>false</useDomainConstraints>
<use>1</use>
<logicalDatatype>LOGDT011</logicalDatatype>
<ownDataTypeParameters>,,</ownDataTypeParameters>
<previousColumn>false</previousColumn>
<autoIncrementCycle>false</autoIncrementCycle>
<associations>
<colAssociation fkAssociation="55474D0B-6E16-E7B5-A4D3-32C17586C224" referredColumn="4B0DB615-3CA2-521E-B738-902378BDC6D4"/>
</associations>
</Column>
<Column name="popis" id="B56FF58E-37C1-5EBA-B941-C7F4B3640FC1">
<createdBy>Matthew</createdBy>
<createdTime>2020-04-14 14:43:12 UTC</createdTime>
<generatorID>FD60F29E-012B-F0E1-A589-9FA4455535E2</generatorID>
<ownerDesignName>model</ownerDesignName>
<nullsAllowed>true</nullsAllowed>
<useDomainConstraints>false</useDomainConstraints>
<use>1</use>
<logicalDatatype>LOGDT024</logicalDatatype>
<dataTypeSize>100 CHAR</dataTypeSize>
<ownDataTypeParameters>100 CHAR,,</ownDataTypeParameters>
<autoIncrementCycle>false</autoIncrementCycle>
</Column>
</columns>
<indexes itemClass="oracle.dbtools.crest.model.design.relational.Index">
<ind_PK_UK id="2D5ADF16-8B7F-B290-69C6-88620B4BC3BD" name="Sluzba_PK">
<createdBy>Matthew</createdBy>
<createdTime>2020-04-14 14:43:12 UTC</createdTime>
<generatorID>D607B3A7-9AE2-6F67-2915-17919C00F563</generatorID>
<ownerDesignName>model</ownerDesignName>
<pk>true</pk>
<indexState>Primary Constraint</indexState>
<isSurrogateKey>false</isSurrogateKey>
<indexColumnUsage>
<colUsage columnID="AF929593-680A-DDCF-3207-0A58820336E4"/>
</indexColumnUsage>
</ind_PK_UK>
<ind_PK_UK id="D4110527-1A8A-CAB5-2201-27FC826678BC" name="Sluzba_Typ_sluzby_FK">
<createdBy>Matthew</createdBy>
<createdTime>2020-04-14 14:43:12 UTC</createdTime>
<generatorID>C8B23D32-AE90-5AD3-C2BD-D1ECD76EFD43</generatorID>
<ownerDesignName>model</ownerDesignName>
<indexState>Foreign Key</indexState>
<isSurrogateKey>false</isSurrogateKey>
<indexColumnUsage>
<colUsage columnID="46D73B76-C388-EC9B-B197-0369071F5757"/>
</indexColumnUsage>
</ind_PK_UK>
</indexes>
</Table>