<?xml version = '1.0' encoding = 'UTF-8'?>
<Table class="oracle.dbtools.crest.model.design.relational.Table" directorySegmentName="seg_0" id="59B4A0FE-F71C-6FC6-CCCE-7ACDAA88F587" name="Vlekar">
<createdBy>Matthew</createdBy>
<createdTime>2020-04-14 14:43:12 UTC</createdTime>
<generatorID>125206A4-3488-B2BC-E675-908D5E389E93</generatorID>
<ownerDesignName>model</ownerDesignName>
<allowColumnReorder>false</allowColumnReorder>
<existDependencyGenerateInDDl>true</existDependencyGenerateInDDl>
<parsed>true</parsed>
<columns itemClass="oracle.dbtools.crest.model.design.relational.Column">
<Column name="Zamestnanec_ID_zamestnanec" id="52B1A17C-CD63-099C-6BC8-C5A2318E26D1">
<createdBy>Matthew</createdBy>
<createdTime>2020-04-14 14:43:12 UTC</createdTime>
<generatorID>62F55EC2-F441-88E4-2536-58A1D96DF6D9</generatorID>
<ownerDesignName>model</ownerDesignName>
<useDomainConstraints>false</useDomainConstraints>
<use>1</use>
<logicalDatatype>LOGDT011</logicalDatatype>
<ownDataTypeParameters>,,</ownDataTypeParameters>
<previousColumn>false</previousColumn>
<autoIncrementCycle>false</autoIncrementCycle>
<associations>
<colAssociation fkAssociation="C06E9E24-C6C7-41CD-893C-3F8CE01EE7A5" referredColumn="C5BDABD5-F873-B3EE-B92C-C0E41DADD0B4"/>
</associations>
</Column>
</columns>
<indexes itemClass="oracle.dbtools.crest.model.design.relational.Index">
<ind_PK_UK id="471B32CE-BB38-1EF4-42C0-60B464CBB42A" name="Vlekar_PK">
<createdBy>Matthew</createdBy>
<createdTime>2020-04-14 14:43:12 UTC</createdTime>
<generatorID>D326B7FC-2FDD-B988-0353-357332A2892E</generatorID>
<ownerDesignName>model</ownerDesignName>
<pk>true</pk>
<indexState>Primary Constraint</indexState>
<isSurrogateKey>false</isSurrogateKey>
<indexColumnUsage>
<colUsage columnID="52B1A17C-CD63-099C-6BC8-C5A2318E26D1"/>
</indexColumnUsage>
</ind_PK_UK>
<ind_PK_UK id="53F33474-DBDC-5AB1-B91E-A10E71E37619" name="Vlekar_Zamestnanec_FK">
<createdBy>Matthew</createdBy>
<createdTime>2020-04-14 14:43:12 UTC</createdTime>
<generatorID>292AEC7E-6FEC-654A-9267-A201028A2BA3</generatorID>
<ownerDesignName>model</ownerDesignName>
<indexState>Foreign Key</indexState>
<isSurrogateKey>false</isSurrogateKey>
<indexColumnUsage>
<colUsage columnID="52B1A17C-CD63-099C-6BC8-C5A2318E26D1"/>
</indexColumnUsage>
</ind_PK_UK>
</indexes>
</Table>