<?xml version = '1.0' encoding = 'UTF-8'?>
<Table class="oracle.dbtools.crest.model.design.relational.Table" directorySegmentName="seg_0" id="D1644536-0EC3-7890-0D10-CBABDC29E156" name="Objednavka">
<createdBy>Matthew</createdBy>
<createdTime>2020-04-14 14:43:12 UTC</createdTime>
<generatorID>9655023E-EC0D-E988-1CA8-D8A6D856D3F8</generatorID>
<ownerDesignName>model</ownerDesignName>
<allowColumnReorder>false</allowColumnReorder>
<existDependencyGenerateInDDl>true</existDependencyGenerateInDDl>
<parsed>true</parsed>
<columns itemClass="oracle.dbtools.crest.model.design.relational.Column">
<Column name="ID_objednavka" id="C93CFD74-41B3-4AF0-6D11-FAE1E5FE401F">
<createdBy>Matthew</createdBy>
<createdTime>2020-04-14 14:43:12 UTC</createdTime>
<generatorID>138F2FC8-4EF1-852C-39C7-236F6263CF9D</generatorID>
<ownerDesignName>model</ownerDesignName>
<useDomainConstraints>false</useDomainConstraints>
<use>1</use>
<logicalDatatype>LOGDT011</logicalDatatype>
<ownDataTypeParameters>,,</ownDataTypeParameters>
<autoIncrementCycle>false</autoIncrementCycle>
</Column>
<Column name="datum" id="2F6A3951-968A-404A-0FD7-85B9C1F84FCC">
<createdBy>Matthew</createdBy>
<createdTime>2020-04-14 14:43:12 UTC</createdTime>
<generatorID>4FB89B20-A898-42E7-1F20-698F65F46796</generatorID>
<ownerDesignName>model</ownerDesignName>
<useDomainConstraints>false</useDomainConstraints>
<use>1</use>
<logicalDatatype>LOGDT007</logicalDatatype>
<ownDataTypeParameters>,,</ownDataTypeParameters>
<autoIncrementCycle>false</autoIncrementCycle>
</Column>
<Column name="Zakaznik_ID_zakaznik" id="38516065-B75B-DB89-6B38-BEE3AFD60E20">
<createdBy>Matthew</createdBy>
<createdTime>2020-04-14 14:43:12 UTC</createdTime>
<generatorID>25C82372-14CE-18A2-568C-0D7C91337DB0</generatorID>
<ownerDesignName>model</ownerDesignName>
<useDomainConstraints>false</useDomainConstraints>
<use>1</use>
<logicalDatatype>LOGDT011</logicalDatatype>
<ownDataTypeParameters>,,</ownDataTypeParameters>
<previousColumn>false</previousColumn>
<autoIncrementCycle>false</autoIncrementCycle>
<associations>
<colAssociation fkAssociation="2A29BF3E-C3CA-8AD1-F88C-D11D97EE5030" referredColumn="7269164D-5A87-1771-069D-D41BC161750C"/>
</associations>
</Column>
<Column name="Zamestnanec_ID_zamestnanec" id="329FE0CE-CFB6-D08E-204C-F2D33F4649EA">
<createdBy>Matthew</createdBy>
<createdTime>2020-04-14 14:43:12 UTC</createdTime>
<generatorID>7C67965D-4EB6-8207-6043-A73F93FF863A</generatorID>
<ownerDesignName>model</ownerDesignName>
<useDomainConstraints>false</useDomainConstraints>
<use>1</use>
<logicalDatatype>LOGDT011</logicalDatatype>
<ownDataTypeParameters>,,</ownDataTypeParameters>
<previousColumn>false</previousColumn>
<autoIncrementCycle>false</autoIncrementCycle>
<associations>
<colAssociation fkAssociation="7CFE0A6B-F1AF-3BA7-B491-BA534D652A92" referredColumn="C5BDABD5-F873-B3EE-B92C-C0E41DADD0B4"/>
</associations>
</Column>
</columns>
<indexes itemClass="oracle.dbtools.crest.model.design.relational.Index">
<ind_PK_UK id="7351A2AA-C6BC-D78C-5F64-FCFBF6D92127" name="Objednavka_PK">
<createdBy>Matthew</createdBy>
<createdTime>2020-04-14 14:43:12 UTC</createdTime>
<generatorID>8EFDC9ED-ADCA-70B0-FF8C-D9132A9A61DC</generatorID>
<ownerDesignName>model</ownerDesignName>
<pk>true</pk>
<indexState>Primary Constraint</indexState>
<isSurrogateKey>false</isSurrogateKey>
<indexColumnUsage>
<colUsage columnID="C93CFD74-41B3-4AF0-6D11-FAE1E5FE401F"/>
</indexColumnUsage>
</ind_PK_UK>
<ind_PK_UK id="007BB598-C743-29C8-32D2-080A97377F97" name="Objednavka_Zamestnanec_FK">
<createdBy>Matthew</createdBy>
<createdTime>2020-04-14 14:43:12 UTC</createdTime>
<generatorID>8FFC3E7C-C7DE-1C47-D27C-F75559404706</generatorID>
<ownerDesignName>model</ownerDesignName>
<indexState>Foreign Key</indexState>
<isSurrogateKey>false</isSurrogateKey>
<indexColumnUsage>
<colUsage columnID="329FE0CE-CFB6-D08E-204C-F2D33F4649EA"/>
</indexColumnUsage>
</ind_PK_UK>
<ind_PK_UK id="1356C291-3EE7-02E1-D97B-F1537F8347E5" name="Objednavka_Zakaznik_FK">
<createdBy>Matthew</createdBy>
<createdTime>2020-04-14 14:43:12 UTC</createdTime>
<generatorID>9A798AA7-2579-60B9-B3C9-D6A3DFFEE5C4</generatorID>
<ownerDesignName>model</ownerDesignName>
<indexState>Foreign Key</indexState>
<isSurrogateKey>false</isSurrogateKey>
<indexColumnUsage>
<colUsage columnID="38516065-B75B-DB89-6B38-BEE3AFD60E20"/>
</indexColumnUsage>
</ind_PK_UK>
</indexes>
</Table>