<?xml version = '1.0' encoding = 'UTF-8'?>
<Table class="oracle.dbtools.crest.model.design.relational.Table" directorySegmentName="seg_0" id="D92AACED-0493-F654-4F2B-4526C45367BC" name="Polozka">
<createdBy>Matthew</createdBy>
<createdTime>2020-04-14 14:43:12 UTC</createdTime>
<generatorID>79C7BF05-A270-5B5C-5916-8EE3128B2BE8</generatorID>
<ownerDesignName>model</ownerDesignName>
<allowColumnReorder>false</allowColumnReorder>
<existDependencyGenerateInDDl>true</existDependencyGenerateInDDl>
<parsed>true</parsed>
<columns itemClass="oracle.dbtools.crest.model.design.relational.Column">
<Column name="pocet_ks" id="0EEA73D4-8265-7046-AB08-3360994EEB24">
<createdBy>Matthew</createdBy>
<createdTime>2020-04-14 14:43:12 UTC</createdTime>
<generatorID>72A571B5-D033-4BBE-01E7-48B3BF34EDBF</generatorID>
<ownerDesignName>model</ownerDesignName>
<useDomainConstraints>false</useDomainConstraints>
<use>1</use>
<logicalDatatype>LOGDT011</logicalDatatype>
<ownDataTypeParameters>,,</ownDataTypeParameters>
<autoIncrementCycle>false</autoIncrementCycle>
</Column>
<Column name="Objednavka_ID_objednavka" id="20EA3A03-2E5A-9C90-6D3E-2388F82D8136">
<createdBy>Matthew</createdBy>
<createdTime>2020-04-14 14:43:12 UTC</createdTime>
<generatorID>3091C723-4114-30D2-6D94-55F70CDEB13E</generatorID>
<ownerDesignName>model</ownerDesignName>
<useDomainConstraints>false</useDomainConstraints>
<use>1</use>
<logicalDatatype>LOGDT011</logicalDatatype>
<ownDataTypeParameters>,,</ownDataTypeParameters>
<previousColumn>false</previousColumn>
<autoIncrementCycle>false</autoIncrementCycle>
<associations>
<colAssociation fkAssociation="528E7CA3-1BF6-23C0-6C3E-F807F1964D12" referredColumn="C93CFD74-41B3-4AF0-6D11-FAE1E5FE401F"/>
</associations>
</Column>
<Column name="Sluzba_ID_sluzba" id="DF4B849B-74B6-284C-6099-AF252F0EBAAE">
<createdBy>Matthew</createdBy>
<createdTime>2020-04-14 14:43:12 UTC</createdTime>
<generatorID>ADF9F858-45EB-AF98-F56F-91849BDF7B5C</generatorID>
<ownerDesignName>model</ownerDesignName>
<useDomainConstraints>false</useDomainConstraints>
<use>1</use>
<logicalDatatype>LOGDT011</logicalDatatype>
<ownDataTypeParameters>,,</ownDataTypeParameters>
<previousColumn>false</previousColumn>
<autoIncrementCycle>false</autoIncrementCycle>
<associations>
<colAssociation fkAssociation="F9719401-42E6-E51D-48C8-9FC0E3FE96A4" referredColumn="AF929593-680A-DDCF-3207-0A58820336E4"/>
</associations>
</Column>
</columns>
<indexes itemClass="oracle.dbtools.crest.model.design.relational.Index">
<ind_PK_UK id="C831F5D4-4CD5-CFC1-5D23-2F7177F86D33" name="Polozka_PK">
<createdBy>Matthew</createdBy>
<createdTime>2020-04-14 14:43:12 UTC</createdTime>
<generatorID>DF472923-5BB3-1F3C-B880-8325823B27EC</generatorID>
<ownerDesignName>model</ownerDesignName>
<pk>true</pk>
<indexState>Primary Constraint</indexState>
<isSurrogateKey>false</isSurrogateKey>
<indexColumnUsage>
<colUsage columnID="20EA3A03-2E5A-9C90-6D3E-2388F82D8136"/>
<colUsage columnID="DF4B849B-74B6-284C-6099-AF252F0EBAAE"/>
</indexColumnUsage>
</ind_PK_UK>
<ind_PK_UK id="E171F941-D4BE-65A3-A356-04279EDF1B97" name="Polozka_Objednavka_FK">
<createdBy>Matthew</createdBy>
<createdTime>2020-04-14 14:43:12 UTC</createdTime>
<generatorID>FC9C949B-7AB8-DDF7-4DE3-C5525E2DBAA1</generatorID>
<ownerDesignName>model</ownerDesignName>
<indexState>Foreign Key</indexState>
<isSurrogateKey>false</isSurrogateKey>
<indexColumnUsage>
<colUsage columnID="20EA3A03-2E5A-9C90-6D3E-2388F82D8136"/>
</indexColumnUsage>
</ind_PK_UK>
<ind_PK_UK id="5D0CD7EB-86E4-B0FC-32E1-BA5244E994A6" name="Polozka_Sluzba_FK">
<createdBy>Matthew</createdBy>
<createdTime>2020-04-14 14:43:12 UTC</createdTime>
<generatorID>BDE8FDB6-284A-A040-B706-592127DD1AC3</generatorID>
<ownerDesignName>model</ownerDesignName>
<indexState>Foreign Key</indexState>
<isSurrogateKey>false</isSurrogateKey>
<indexColumnUsage>
<colUsage columnID="DF4B849B-74B6-284C-6099-AF252F0EBAAE"/>
</indexColumnUsage>
</ind_PK_UK>
</indexes>
</Table>