<?xml version = '1.0' encoding = 'UTF-8'?>
<Table class="oracle.dbtools.crest.model.design.relational.Table" directorySegmentName="seg_0" id="DBD39EB6-02C1-896D-FF74-9D75A7EA0AE5" name="Vyuka">
<createdBy>Matthew</createdBy>
<createdTime>2020-04-14 14:43:12 UTC</createdTime>
<generatorID>4711D58C-F0CC-B5E2-ECA7-34B9B8C47659</generatorID>
<ownerDesignName>model</ownerDesignName>
<allowColumnReorder>false</allowColumnReorder>
<existDependencyGenerateInDDl>true</existDependencyGenerateInDDl>
<parsed>true</parsed>
<columns itemClass="oracle.dbtools.crest.model.design.relational.Column">
<Column name="typ_vybaveni" id="21F0BE27-4202-D94F-3E45-96B9EBB5B80A">
<createdBy>Matthew</createdBy>
<createdTime>2020-04-14 14:43:12 UTC</createdTime>
<generatorID>AB030A8A-55EB-1670-1CD1-79631698D82D</generatorID>
<ownerDesignName>model</ownerDesignName>
<useDomainConstraints>false</useDomainConstraints>
<use>1</use>
<logicalDatatype>LOGDT024</logicalDatatype>
<dataTypeSize>10 CHAR</dataTypeSize>
<ownDataTypeParameters>10 CHAR,,</ownDataTypeParameters>
<autoIncrementCycle>false</autoIncrementCycle>
</Column>
<Column name="detska_vyuka" id="B77BCCE5-5BCF-13E3-29C8-E8BD4BFC49DA">
<createdBy>Matthew</createdBy>
<createdTime>2020-04-14 14:43:12 UTC</createdTime>
<generatorID>AA7FBBE2-6728-F922-DD7E-903187F5640B</generatorID>
<ownerDesignName>model</ownerDesignName>
<useDomainConstraints>false</useDomainConstraints>
<use>1</use>
<logicalDatatype>LOGDT024</logicalDatatype>
<dataTypeSize>4 CHAR</dataTypeSize>
<ownDataTypeParameters>4 CHAR,,</ownDataTypeParameters>
<autoIncrementCycle>false</autoIncrementCycle>
</Column>
<Column name="Instruktor_ID_zamestnanec" id="EB371497-AD38-5DA9-68D0-12A295D6A823">
<createdBy>Matthew</createdBy>
<createdTime>2020-04-14 14:43:12 UTC</createdTime>
<generatorID>9D347656-2110-2B2A-24E6-FE8FD50FA604</generatorID>
<ownerDesignName>model</ownerDesignName>
<useDomainConstraints>false</useDomainConstraints>
<use>1</use>
<logicalDatatype>LOGDT011</logicalDatatype>
<ownDataTypeParameters>,,</ownDataTypeParameters>
<previousColumn>false</previousColumn>
<autoIncrementCycle>false</autoIncrementCycle>
<associations>
<colAssociation fkAssociation="9F13C92C-1FB7-7385-8EED-242B74C80D3B" referredColumn="BA5D7055-C4F9-0428-319B-29298313F054"/>
</associations>
</Column>
<Column name="Sluzba_ID_sluzba" id="7B8232FA-BDD5-73CA-7892-02FA9162E672">
<createdBy>Matthew</createdBy>
<createdTime>2020-04-14 14:43:12 UTC</createdTime>
<generatorID>535897D7-8D95-0068-7BB5-3A1A3BE050F6</generatorID>
<ownerDesignName>model</ownerDesignName>
<useDomainConstraints>false</useDomainConstraints>
<use>1</use>
<logicalDatatype>LOGDT011</logicalDatatype>
<ownDataTypeParameters>,,</ownDataTypeParameters>
<previousColumn>false</previousColumn>
<autoIncrementCycle>false</autoIncrementCycle>
<associations>
<colAssociation fkAssociation="39668C84-417A-E8DF-BB79-5C1D7F9C448C" referredColumn="AF929593-680A-DDCF-3207-0A58820336E4"/>
</associations>
</Column>
</columns>
<indexes itemClass="oracle.dbtools.crest.model.design.relational.Index">
<ind_PK_UK id="7262F9C8-A3A3-E216-BAB8-DB33847D7274" name="Vyuka_PK">
<createdBy>Matthew</createdBy>
<createdTime>2020-04-14 14:43:12 UTC</createdTime>
<generatorID>5D9C7008-2725-2B02-111B-7259E3E893D5</generatorID>
<ownerDesignName>model</ownerDesignName>
<pk>true</pk>
<indexState>Primary Constraint</indexState>
<isSurrogateKey>false</isSurrogateKey>
<indexColumnUsage>
<colUsage columnID="7B8232FA-BDD5-73CA-7892-02FA9162E672"/>
</indexColumnUsage>
</ind_PK_UK>
<ind_PK_UK id="4D246E35-3916-C57D-CAD2-C19C4285793A" name="Vyuka_Sluzba_FK">
<createdBy>Matthew</createdBy>
<createdTime>2020-04-14 14:43:12 UTC</createdTime>
<generatorID>4DB2C6FC-08A4-EF35-0C13-07A894D88ED7</generatorID>
<ownerDesignName>model</ownerDesignName>
<indexState>Foreign Key</indexState>
<isSurrogateKey>false</isSurrogateKey>
<indexColumnUsage>
<colUsage columnID="7B8232FA-BDD5-73CA-7892-02FA9162E672"/>
</indexColumnUsage>
</ind_PK_UK>
<ind_PK_UK id="40E8C621-9675-43E1-63A7-FFAB2653DEC4" name="Vyuka_Instruktor_FK">
<createdBy>Matthew</createdBy>
<createdTime>2020-04-14 14:43:12 UTC</createdTime>
<generatorID>1FBAB4B6-3F23-1C1E-2C2E-A5585693AE6C</generatorID>
<ownerDesignName>model</ownerDesignName>
<indexState>Foreign Key</indexState>
<isSurrogateKey>false</isSurrogateKey>
<indexColumnUsage>
<colUsage columnID="EB371497-AD38-5DA9-68D0-12A295D6A823"/>
</indexColumnUsage>
</ind_PK_UK>
</indexes>
</Table>