<?xml version = '1.0' encoding = 'UTF-8'?>
<Entity class="oracle.dbtools.crest.model.design.logical.Entity" directorySegmentName="seg_0" id="125206A4-3488-B2BC-E675-908D5E389E93" name="Vlekar">
<createdBy>Matthew</createdBy>
<createdTime>2020-04-14 13:50:29 UTC</createdTime>
<ownerDesignName>model</ownerDesignName>
<engineerTo>
<item key="6D597542-EAEA-0783-5567-EB9234090993" value="true"/>
</engineerTo>
<adequatelyNormalized>NO</adequatelyNormalized>
<expectedVolumes>0</expectedVolumes>
<fwdEngineeringStrategyName>Single Table</fwdEngineeringStrategyName>
<growthPercent>0</growthPercent>
<growthType>Year</growthType>
<maxVolumes>9999999</maxVolumes>
<minVolumes>0</minVolumes>
<normalForm>Third</normalForm>
<attributes itemClass="oracle.dbtools.crest.model.design.logical.Attribute">
<Attribute name="ID_zamestnanec" id="62F55EC2-F441-88E4-2536-58A1D96DF6D9">
<createdBy>Matthew</createdBy>
<createdTime>2020-04-14 13:51:52 UTC</createdTime>
<generatorID>292AEC7E-6FEC-654A-9267-A201028A2BA3</generatorID>
<ownerDesignName>model</ownerDesignName>
<engineerTo>
<item key="6D597542-EAEA-0783-5567-EB9234090993" value="true"/>
</engineerTo>
<referedAttribute>21723CD9-D6DC-68DA-85FE-3F10C423419F</referedAttribute>
<useDomainConstraints>false</useDomainConstraints>
<use>1</use>
<logicalDatatype>LOGDT011</logicalDatatype>
<ownDataTypeParameters>,,</ownDataTypeParameters>
</Attribute>
</attributes>
<identifiers itemClass="oracle.dbtools.crest.model.design.logical.CandidateKey">
<identifier id="D326B7FC-2FDD-B988-0353-357332A2892E" name="Vlekar PK">
<createdBy>Matthew</createdBy>
<createdTime>2020-04-14 13:51:55 UTC</createdTime>
<ownerDesignName>model</ownerDesignName>
<engineerTo>
<item key="6D597542-EAEA-0783-5567-EB9234090993" value="true"/>
</engineerTo>
<pk>true</pk>
<usedAttributes>
<attributeRef>62F55EC2-F441-88E4-2536-58A1D96DF6D9</attributeRef>
</usedAttributes>
</identifier>
</identifiers>
</Entity>