<?xml version = '1.0' encoding = 'UTF-8'?>
<Entity class="oracle.dbtools.crest.model.design.logical.Entity" directorySegmentName="seg_0" id="15FB460C-A263-35F1-1012-BA95FD71A51D" name="Sluzba">
<createdBy>Matthew</createdBy>
<createdTime>2020-04-14 14:06:50 UTC</createdTime>
<ownerDesignName>model</ownerDesignName>
<engineerTo>
<item key="6D597542-EAEA-0783-5567-EB9234090993" value="true"/>
</engineerTo>
<adequatelyNormalized>NO</adequatelyNormalized>
<expectedVolumes>0</expectedVolumes>
<fwdEngineeringStrategyName>Single Table</fwdEngineeringStrategyName>
<growthPercent>0</growthPercent>
<growthType>Year</growthType>
<maxVolumes>9999999</maxVolumes>
<minVolumes>0</minVolumes>
<normalForm>Third</normalForm>
<attributes itemClass="oracle.dbtools.crest.model.design.logical.Attribute">
<Attribute name="ID_sluzba" id="CC06C746-AB45-B13D-DD11-8ED854489F48">
<createdBy>Matthew</createdBy>
<createdTime>2020-04-14 14:07:13 UTC</createdTime>
<ownerDesignName>model</ownerDesignName>
<engineerTo>
<item key="6D597542-EAEA-0783-5567-EB9234090993" value="true"/>
</engineerTo>
<useDomainConstraints>false</useDomainConstraints>
<use>1</use>
<logicalDatatype>LOGDT011</logicalDatatype>
<ownDataTypeParameters>,,</ownDataTypeParameters>
</Attribute>
<Attribute name="ID_typ_sluzby" id="1FE00B6A-9481-61B2-F41E-B15A37834095">
<createdBy>Matthew</createdBy>
<createdTime>2020-04-14 14:25:12 UTC</createdTime>
<generatorID>C8B23D32-AE90-5AD3-C2BD-D1ECD76EFD43</generatorID>
<ownerDesignName>model</ownerDesignName>
<engineerTo>
<item key="6D597542-EAEA-0783-5567-EB9234090993" value="true"/>
</engineerTo>
<referedAttribute>A8B5EBBD-9D4B-1196-0F8A-9D09640FC10A</referedAttribute>
<useDomainConstraints>false</useDomainConstraints>
<use>1</use>
<logicalDatatype>LOGDT011</logicalDatatype>
<ownDataTypeParameters>,,</ownDataTypeParameters>
</Attribute>
<Attribute name="popis" id="FD60F29E-012B-F0E1-A589-9FA4455535E2">
<createdBy>Matthew</createdBy>
<createdTime>2020-04-14 14:30:39 UTC</createdTime>
<ownerDesignName>model</ownerDesignName>
<engineerTo>
<item key="6D597542-EAEA-0783-5567-EB9234090993" value="true"/>
</engineerTo>
<nullsAllowed>true</nullsAllowed>
<useDomainConstraints>false</useDomainConstraints>
<use>1</use>
<logicalDatatype>LOGDT024</logicalDatatype>
<dataTypeSize>100 CHAR</dataTypeSize>
<ownDataTypeParameters>100 CHAR,,</ownDataTypeParameters>
</Attribute>
</attributes>
<identifiers itemClass="oracle.dbtools.crest.model.design.logical.CandidateKey">
<identifier id="D607B3A7-9AE2-6F67-2915-17919C00F563" name="Sluzba PK">
<createdBy>Matthew</createdBy>
<createdTime>2020-04-14 14:07:24 UTC</createdTime>
<ownerDesignName>model</ownerDesignName>
<engineerTo>
<item key="6D597542-EAEA-0783-5567-EB9234090993" value="true"/>
</engineerTo>
<pk>true</pk>
<usedAttributes>
<attributeRef>CC06C746-AB45-B13D-DD11-8ED854489F48</attributeRef>
</usedAttributes>
</identifier>
</identifiers>
</Entity>