<?xml version = '1.0' encoding = 'UTF-8'?>
<Entity class="oracle.dbtools.crest.model.design.logical.Entity" directorySegmentName="seg_0" id="3D084C00-AB01-9D82-81D0-A80468498851" name="Masaz">
<createdBy>Matthew</createdBy>
<createdTime>2020-04-14 13:58:20 UTC</createdTime>
<ownerDesignName>model</ownerDesignName>
<engineerTo>
<item key="6D597542-EAEA-0783-5567-EB9234090993" value="true"/>
</engineerTo>
<adequatelyNormalized>NO</adequatelyNormalized>
<expectedVolumes>0</expectedVolumes>
<fwdEngineeringStrategyName>Single Table</fwdEngineeringStrategyName>
<growthPercent>0</growthPercent>
<growthType>Year</growthType>
<maxVolumes>9999999</maxVolumes>
<minVolumes>0</minVolumes>
<normalForm>Third</normalForm>
<attributes itemClass="oracle.dbtools.crest.model.design.logical.Attribute">
<Attribute name="typ" id="C18A9745-18EB-8092-827C-379D3AC8668B">
<createdBy>Matthew</createdBy>
<createdTime>2020-04-14 13:58:27 UTC</createdTime>
<ownerDesignName>model</ownerDesignName>
<engineerTo>
<item key="6D597542-EAEA-0783-5567-EB9234090993" value="true"/>
</engineerTo>
<useDomainConstraints>false</useDomainConstraints>
<use>1</use>
<logicalDatatype>LOGDT024</logicalDatatype>
<dataTypeSize>15 CHAR</dataTypeSize>
<ownDataTypeParameters>15 CHAR,,</ownDataTypeParameters>
</Attribute>
<Attribute name="ID_zamestnanec" id="2C3316CE-C4B5-4B00-3775-42AE3B10A3D1">
<createdBy>Matthew</createdBy>
<createdTime>2020-04-14 13:58:51 UTC</createdTime>
<generatorID>A962C77F-9EE8-531E-4DAD-E9C59EED3F1E</generatorID>
<ownerDesignName>model</ownerDesignName>
<engineerTo>
<item key="6D597542-EAEA-0783-5567-EB9234090993" value="true"/>
</engineerTo>
<referedAttribute>84759C72-5FAA-DC78-175B-CE099C5450B2</referedAttribute>
<useDomainConstraints>false</useDomainConstraints>
<use>1</use>
<logicalDatatype>LOGDT011</logicalDatatype>
<ownDataTypeParameters>,,</ownDataTypeParameters>
</Attribute>
<Attribute name="ID_sluzba" id="5EC60D39-7B5E-56F6-3804-5798C943A067">
<createdBy>Matthew</createdBy>
<createdTime>2020-04-14 14:13:09 UTC</createdTime>
<generatorID>ED1771F1-7770-DEFE-BB84-A95691AA3C4A</generatorID>
<ownerDesignName>model</ownerDesignName>
<engineerTo>
<item key="6D597542-EAEA-0783-5567-EB9234090993" value="true"/>
</engineerTo>
<referedAttribute>CC06C746-AB45-B13D-DD11-8ED854489F48</referedAttribute>
<useDomainConstraints>false</useDomainConstraints>
<use>1</use>
<logicalDatatype>LOGDT011</logicalDatatype>
<ownDataTypeParameters>,,</ownDataTypeParameters>
</Attribute>
</attributes>
<identifiers itemClass="oracle.dbtools.crest.model.design.logical.CandidateKey">
<identifier id="35D4B822-EDC3-D7AD-9720-41A137A4E241" name="Masaz PK">
<createdBy>Matthew</createdBy>
<createdTime>2020-04-14 14:13:24 UTC</createdTime>
<ownerDesignName>model</ownerDesignName>
<engineerTo>
<item key="6D597542-EAEA-0783-5567-EB9234090993" value="true"/>
</engineerTo>
<pk>true</pk>
<usedAttributes>
<attributeRef>5EC60D39-7B5E-56F6-3804-5798C943A067</attributeRef>
</usedAttributes>
</identifier>
</identifiers>
</Entity>