<?xml version = '1.0' encoding = 'UTF-8'?>
<Entity class="oracle.dbtools.crest.model.design.logical.Entity" directorySegmentName="seg_0" id="4711D58C-F0CC-B5E2-ECA7-34B9B8C47659" name="Vyuka">
<createdBy>Matthew</createdBy>
<createdTime>2020-04-14 13:59:21 UTC</createdTime>
<ownerDesignName>model</ownerDesignName>
<engineerTo>
<item key="6D597542-EAEA-0783-5567-EB9234090993" value="true"/>
</engineerTo>
<adequatelyNormalized>NO</adequatelyNormalized>
<expectedVolumes>0</expectedVolumes>
<fwdEngineeringStrategyName>Single Table</fwdEngineeringStrategyName>
<growthPercent>0</growthPercent>
<growthType>Year</growthType>
<maxVolumes>9999999</maxVolumes>
<minVolumes>0</minVolumes>
<normalForm>Third</normalForm>
<attributes itemClass="oracle.dbtools.crest.model.design.logical.Attribute">
<Attribute name="typ_vybaveni" id="AB030A8A-55EB-1670-1CD1-79631698D82D">
<createdBy>Matthew</createdBy>
<createdTime>2020-04-14 13:59:33 UTC</createdTime>
<ownerDesignName>model</ownerDesignName>
<engineerTo>
<item key="6D597542-EAEA-0783-5567-EB9234090993" value="true"/>
</engineerTo>
<useDomainConstraints>false</useDomainConstraints>
<use>1</use>
<logicalDatatype>LOGDT024</logicalDatatype>
<dataTypeSize>10 CHAR</dataTypeSize>
<ownDataTypeParameters>10 CHAR,,</ownDataTypeParameters>
</Attribute>
<Attribute name="detska_vyuka" id="AA7FBBE2-6728-F922-DD7E-903187F5640B">
<createdBy>Matthew</createdBy>
<createdTime>2020-04-14 13:59:43 UTC</createdTime>
<ownerDesignName>model</ownerDesignName>
<engineerTo>
<item key="6D597542-EAEA-0783-5567-EB9234090993" value="true"/>
</engineerTo>
<useDomainConstraints>false</useDomainConstraints>
<use>1</use>
<logicalDatatype>LOGDT024</logicalDatatype>
<dataTypeSize>4 CHAR</dataTypeSize>
<ownDataTypeParameters>4 CHAR,,</ownDataTypeParameters>
</Attribute>
<Attribute name="ID_zamestnanec" id="9D347656-2110-2B2A-24E6-FE8FD50FA604">
<createdBy>Matthew</createdBy>
<createdTime>2020-04-14 14:00:29 UTC</createdTime>
<generatorID>1FBAB4B6-3F23-1C1E-2C2E-A5585693AE6C</generatorID>
<ownerDesignName>model</ownerDesignName>
<engineerTo>
<item key="6D597542-EAEA-0783-5567-EB9234090993" value="true"/>
</engineerTo>
<referedAttribute>13B8A507-51C6-4BA6-7B8C-18E3AA1B7959</referedAttribute>
<useDomainConstraints>false</useDomainConstraints>
<use>1</use>
<logicalDatatype>LOGDT011</logicalDatatype>
<ownDataTypeParameters>,,</ownDataTypeParameters>
</Attribute>
<Attribute name="ID_sluzba" id="535897D7-8D95-0068-7BB5-3A1A3BE050F6">
<createdBy>Matthew</createdBy>
<createdTime>2020-04-14 14:13:31 UTC</createdTime>
<generatorID>4DB2C6FC-08A4-EF35-0C13-07A894D88ED7</generatorID>
<ownerDesignName>model</ownerDesignName>
<engineerTo>
<item key="6D597542-EAEA-0783-5567-EB9234090993" value="true"/>
</engineerTo>
<referedAttribute>CC06C746-AB45-B13D-DD11-8ED854489F48</referedAttribute>
<useDomainConstraints>false</useDomainConstraints>
<use>1</use>
<logicalDatatype>LOGDT011</logicalDatatype>
<ownDataTypeParameters>,,</ownDataTypeParameters>
</Attribute>
</attributes>
<identifiers itemClass="oracle.dbtools.crest.model.design.logical.CandidateKey">
<identifier id="5D9C7008-2725-2B02-111B-7259E3E893D5" name="Vyuka PK">
<createdBy>Matthew</createdBy>
<createdTime>2020-04-14 14:13:38 UTC</createdTime>
<ownerDesignName>model</ownerDesignName>
<engineerTo>
<item key="6D597542-EAEA-0783-5567-EB9234090993" value="true"/>
</engineerTo>
<pk>true</pk>
<usedAttributes>
<attributeRef>535897D7-8D95-0068-7BB5-3A1A3BE050F6</attributeRef>
</usedAttributes>
</identifier>
</identifiers>
</Entity>