<?xml version = '1.0' encoding = 'UTF-8'?>
<Entity class="oracle.dbtools.crest.model.design.logical.Entity" directorySegmentName="seg_0" id="5022BA1A-2BB5-C570-8A22-F4ABD497A9FD" name="Maser">
<createdBy>Matthew</createdBy>
<createdTime>2020-04-14 13:50:19 UTC</createdTime>
<ownerDesignName>model</ownerDesignName>
<engineerTo>
<item key="6D597542-EAEA-0783-5567-EB9234090993" value="true"/>
</engineerTo>
<adequatelyNormalized>NO</adequatelyNormalized>
<expectedVolumes>0</expectedVolumes>
<fwdEngineeringStrategyName>Single Table</fwdEngineeringStrategyName>
<growthPercent>0</growthPercent>
<growthType>Year</growthType>
<maxVolumes>9999999</maxVolumes>
<minVolumes>0</minVolumes>
<normalForm>Third</normalForm>
<attributes itemClass="oracle.dbtools.crest.model.design.logical.Attribute">
<Attribute name="ID_zamestnanec" id="84759C72-5FAA-DC78-175B-CE099C5450B2">
<createdBy>Matthew</createdBy>
<createdTime>2020-04-14 13:51:22 UTC</createdTime>
<generatorID>D44FEB24-47C3-FFE7-4367-2E6B26A431B7</generatorID>
<ownerDesignName>model</ownerDesignName>
<engineerTo>
<item key="6D597542-EAEA-0783-5567-EB9234090993" value="true"/>
</engineerTo>
<referedAttribute>21723CD9-D6DC-68DA-85FE-3F10C423419F</referedAttribute>
<useDomainConstraints>false</useDomainConstraints>
<use>1</use>
<logicalDatatype>LOGDT011</logicalDatatype>
<ownDataTypeParameters>,,</ownDataTypeParameters>
</Attribute>
</attributes>
<identifiers itemClass="oracle.dbtools.crest.model.design.logical.CandidateKey">
<identifier id="077D9DB7-2E2A-DBBA-0D97-797DEBCC4FC8" name="Maser PK">
<createdBy>Matthew</createdBy>
<createdTime>2020-04-14 13:51:35 UTC</createdTime>
<ownerDesignName>model</ownerDesignName>
<engineerTo>
<item key="6D597542-EAEA-0783-5567-EB9234090993" value="true"/>
</engineerTo>
<pk>true</pk>
<usedAttributes>
<attributeRef>84759C72-5FAA-DC78-175B-CE099C5450B2</attributeRef>
</usedAttributes>
</identifier>
</identifiers>
</Entity>