<?xml version = '1.0' encoding = 'UTF-8'?>
<Entity class="oracle.dbtools.crest.model.design.logical.Entity" directorySegmentName="seg_0" id="5170259A-6EA9-FD9D-6607-ADABCFEEB370" name="Sjezdovka">
<createdBy>Matthew</createdBy>
<createdTime>2020-04-14 13:27:43 UTC</createdTime>
<ownerDesignName>model</ownerDesignName>
<engineerTo>
<item key="6D597542-EAEA-0783-5567-EB9234090993" value="true"/>
</engineerTo>
<adequatelyNormalized>NO</adequatelyNormalized>
<expectedVolumes>0</expectedVolumes>
<fwdEngineeringStrategyName>Single Table</fwdEngineeringStrategyName>
<growthPercent>0</growthPercent>
<growthType>Year</growthType>
<maxVolumes>9999999</maxVolumes>
<minVolumes>0</minVolumes>
<normalForm>Third</normalForm>
<attributes itemClass="oracle.dbtools.crest.model.design.logical.Attribute">
<Attribute name="ID_sjezdovka" id="1857663D-24DD-6A95-FE99-5FFCB9A6D4BA">
<createdBy>Matthew</createdBy>
<createdTime>2020-04-14 13:27:56 UTC</createdTime>
<ownerDesignName>model</ownerDesignName>
<engineerTo>
<item key="6D597542-EAEA-0783-5567-EB9234090993" value="true"/>
</engineerTo>
<useDomainConstraints>false</useDomainConstraints>
<use>1</use>
<logicalDatatype>LOGDT011</logicalDatatype>
<ownDataTypeParameters>,,</ownDataTypeParameters>
</Attribute>
<Attribute name="misto" id="9FED6DD1-AA54-11C7-9AB6-8F2253EDE0C6">
<createdBy>Matthew</createdBy>
<createdTime>2020-04-14 13:28:22 UTC</createdTime>
<ownerDesignName>model</ownerDesignName>
<engineerTo>
<item key="6D597542-EAEA-0783-5567-EB9234090993" value="true"/>
</engineerTo>
<useDomainConstraints>false</useDomainConstraints>
<use>1</use>
<logicalDatatype>LOGDT024</logicalDatatype>
<dataTypeSize>20 CHAR</dataTypeSize>
<ownDataTypeParameters>20 CHAR,,</ownDataTypeParameters>
</Attribute>
<Attribute name="narocnost" id="66D81F2A-DAA8-EAF0-1450-E5D6B42AC3A8">
<createdBy>Matthew</createdBy>
<createdTime>2020-04-14 13:28:43 UTC</createdTime>
<ownerDesignName>model</ownerDesignName>
<engineerTo>
<item key="6D597542-EAEA-0783-5567-EB9234090993" value="true"/>
</engineerTo>
<nullsAllowed>true</nullsAllowed>
<useDomainConstraints>false</useDomainConstraints>
<use>1</use>
<logicalDatatype>LOGDT024</logicalDatatype>
<dataTypeSize>10 CHAR</dataTypeSize>
<ownDataTypeParameters>10 CHAR,,</ownDataTypeParameters>
</Attribute>
<Attribute name="typ_vleku" id="B33FCA68-EBB4-DF4D-AAB8-8887A7A09FCE">
<createdBy>Matthew</createdBy>
<createdTime>2020-04-14 13:28:57 UTC</createdTime>
<ownerDesignName>model</ownerDesignName>
<engineerTo>
<item key="6D597542-EAEA-0783-5567-EB9234090993" value="true"/>
</engineerTo>
<useDomainConstraints>false</useDomainConstraints>
<use>1</use>
<logicalDatatype>LOGDT024</logicalDatatype>
<dataTypeSize>12 CHAR</dataTypeSize>
<ownDataTypeParameters>12 CHAR,,</ownDataTypeParameters>
</Attribute>
<Attribute name="nocni_lyzovani" id="477DF3D3-C212-04CE-D34A-5D29C0F0C6A2">
<createdBy>Matthew</createdBy>
<createdTime>2020-04-14 13:29:27 UTC</createdTime>
<ownerDesignName>model</ownerDesignName>
<engineerTo>
<item key="6D597542-EAEA-0783-5567-EB9234090993" value="true"/>
</engineerTo>
<useDomainConstraints>false</useDomainConstraints>
<use>1</use>
<logicalDatatype>LOGDT024</logicalDatatype>
<dataTypeSize>4</dataTypeSize>
<ownDataTypeParameters>4,,</ownDataTypeParameters>
</Attribute>
<Attribute name="stav" id="0E40BF8C-DE2C-F611-40A5-EAB993A678CC">
<createdBy>Matthew</createdBy>
<createdTime>2020-04-14 13:29:46 UTC</createdTime>
<ownerDesignName>model</ownerDesignName>
<engineerTo>
<item key="6D597542-EAEA-0783-5567-EB9234090993" value="true"/>
</engineerTo>
<useDomainConstraints>false</useDomainConstraints>
<use>1</use>
<logicalDatatype>LOGDT024</logicalDatatype>
<dataTypeSize>12 CHAR</dataTypeSize>
<ownDataTypeParameters>12 CHAR,,</ownDataTypeParameters>
</Attribute>
<Attribute name="ID_zamestnanec" id="78D9D5DA-E83A-E06A-4A94-ABE92998B378">
<createdBy>Matthew</createdBy>
<createdTime>2020-04-14 13:54:43 UTC</createdTime>
<generatorID>9D98E07A-4379-F48C-B431-ACCF2AB8ECA6</generatorID>
<ownerDesignName>model</ownerDesignName>
<engineerTo>
<item key="6D597542-EAEA-0783-5567-EB9234090993" value="true"/>
</engineerTo>
<referedAttribute>62F55EC2-F441-88E4-2536-58A1D96DF6D9</referedAttribute>
<useDomainConstraints>false</useDomainConstraints>
<use>1</use>
<logicalDatatype>LOGDT011</logicalDatatype>
<ownDataTypeParameters>,,</ownDataTypeParameters>
</Attribute>
</attributes>
<identifiers itemClass="oracle.dbtools.crest.model.design.logical.CandidateKey">
<identifier id="30E5D40F-3F7D-1A10-7234-B78FF550DDDA" name="Sjezdovka PK">
<createdBy>Matthew</createdBy>
<createdTime>2020-04-14 13:28:19 UTC</createdTime>
<ownerDesignName>model</ownerDesignName>
<engineerTo>
<item key="6D597542-EAEA-0783-5567-EB9234090993" value="true"/>
</engineerTo>
<pk>true</pk>
<usedAttributes>
<attributeRef>1857663D-24DD-6A95-FE99-5FFCB9A6D4BA</attributeRef>
</usedAttributes>
</identifier>
</identifiers>
</Entity>