<?xml version = '1.0' encoding = 'UTF-8'?>
<Entity class="oracle.dbtools.crest.model.design.logical.Entity" directorySegmentName="seg_0" id="60A4D331-E45D-0A4A-6564-F2C0BC7C4025" name="Zamestnanec">
<createdBy>Matthew</createdBy>
<createdTime>2020-04-14 13:30:42 UTC</createdTime>
<ownerDesignName>model</ownerDesignName>
<engineerTo>
<item key="6D597542-EAEA-0783-5567-EB9234090993" value="true"/>
</engineerTo>
<adequatelyNormalized>NO</adequatelyNormalized>
<expectedVolumes>0</expectedVolumes>
<fwdEngineeringStrategyName>Single Table</fwdEngineeringStrategyName>
<growthPercent>0</growthPercent>
<growthType>Year</growthType>
<maxVolumes>9999999</maxVolumes>
<minVolumes>0</minVolumes>
<normalForm>Third</normalForm>
<attributes itemClass="oracle.dbtools.crest.model.design.logical.Attribute">
<Attribute name="ID_zamestnanec" id="21723CD9-D6DC-68DA-85FE-3F10C423419F">
<createdBy>Matthew</createdBy>
<createdTime>2020-04-14 13:30:51 UTC</createdTime>
<ownerDesignName>model</ownerDesignName>
<engineerTo>
<item key="6D597542-EAEA-0783-5567-EB9234090993" value="true"/>
</engineerTo>
<useDomainConstraints>false</useDomainConstraints>
<use>1</use>
<logicalDatatype>LOGDT011</logicalDatatype>
<ownDataTypeParameters>,,</ownDataTypeParameters>
</Attribute>
<Attribute name="jmeno" id="E907FE09-5BEE-3F88-E140-7F4C36ABF547">
<createdBy>Matthew</createdBy>
<createdTime>2020-04-14 13:31:25 UTC</createdTime>
<ownerDesignName>model</ownerDesignName>
<engineerTo>
<item key="6D597542-EAEA-0783-5567-EB9234090993" value="true"/>
</engineerTo>
<useDomainConstraints>false</useDomainConstraints>
<use>1</use>
<logicalDatatype>LOGDT024</logicalDatatype>
<dataTypeSize>20 CHAR</dataTypeSize>
<ownDataTypeParameters>20 CHAR,,</ownDataTypeParameters>
</Attribute>
<Attribute name="prijmeni" id="2B1E5CDA-BF96-CD06-5D60-FC15E62C1D71">
<createdBy>Matthew</createdBy>
<createdTime>2020-04-14 13:31:57 UTC</createdTime>
<ownerDesignName>model</ownerDesignName>
<engineerTo>
<item key="6D597542-EAEA-0783-5567-EB9234090993" value="true"/>
</engineerTo>
<useDomainConstraints>false</useDomainConstraints>
<use>1</use>
<logicalDatatype>LOGDT024</logicalDatatype>
<dataTypeSize>20 CHAR</dataTypeSize>
<ownDataTypeParameters>20 CHAR,,</ownDataTypeParameters>
</Attribute>
<Attribute name="pohlavi" id="18D86922-1FB1-1C90-25A8-9DDBEB5AD7AF">
<createdBy>Matthew</createdBy>
<createdTime>2020-04-14 13:53:54 UTC</createdTime>
<ownerDesignName>model</ownerDesignName>
<engineerTo>
<item key="6D597542-EAEA-0783-5567-EB9234090993" value="true"/>
</engineerTo>
<useDomainConstraints>false</useDomainConstraints>
<use>1</use>
<logicalDatatype>LOGDT024</logicalDatatype>
<dataTypeSize>6 CHAR</dataTypeSize>
<ownDataTypeParameters>6 CHAR,,</ownDataTypeParameters>
</Attribute>
<Attribute name="vek" id="AF713D83-5017-B3CB-508D-0EBAFC765268">
<createdBy>Matthew</createdBy>
<createdTime>2020-04-14 13:32:08 UTC</createdTime>
<ownerDesignName>model</ownerDesignName>
<engineerTo>
<item key="6D597542-EAEA-0783-5567-EB9234090993" value="true"/>
</engineerTo>
<useDomainConstraints>false</useDomainConstraints>
<use>1</use>
<logicalDatatype>LOGDT011</logicalDatatype>
<ownDataTypeParameters>,,</ownDataTypeParameters>
</Attribute>
</attributes>
<identifiers itemClass="oracle.dbtools.crest.model.design.logical.CandidateKey">
<identifier id="737779F7-246E-1001-A830-338286E49060" name="Zamestnanec PK">
<createdBy>Matthew</createdBy>
<createdTime>2020-04-14 13:31:01 UTC</createdTime>
<ownerDesignName>model</ownerDesignName>
<engineerTo>
<item key="6D597542-EAEA-0783-5567-EB9234090993" value="true"/>
</engineerTo>
<pk>true</pk>
<usedAttributes>
<attributeRef>21723CD9-D6DC-68DA-85FE-3F10C423419F</attributeRef>
</usedAttributes>
</identifier>
</identifiers>
</Entity>