<?xml version = '1.0' encoding = 'UTF-8'?>
<Entity class="oracle.dbtools.crest.model.design.logical.Entity" directorySegmentName="seg_0" id="7991D007-02C5-B461-CF5F-F5BF80A6EA90" name="Zakaznik">
<createdBy>Matthew</createdBy>
<createdTime>2020-04-14 13:35:29 UTC</createdTime>
<ownerDesignName>model</ownerDesignName>
<engineerTo>
<item key="6D597542-EAEA-0783-5567-EB9234090993" value="true"/>
</engineerTo>
<adequatelyNormalized>NO</adequatelyNormalized>
<expectedVolumes>0</expectedVolumes>
<fwdEngineeringStrategyName>Single Table</fwdEngineeringStrategyName>
<growthPercent>0</growthPercent>
<growthType>Year</growthType>
<maxVolumes>9999999</maxVolumes>
<minVolumes>0</minVolumes>
<normalForm>Third</normalForm>
<attributes itemClass="oracle.dbtools.crest.model.design.logical.Attribute">
<Attribute name="ID_zakaznik" id="A8695C17-6D9C-CEBC-C578-9B2B92873B77">
<createdBy>Matthew</createdBy>
<createdTime>2020-04-14 13:35:36 UTC</createdTime>
<ownerDesignName>model</ownerDesignName>
<engineerTo>
<item key="6D597542-EAEA-0783-5567-EB9234090993" value="true"/>
</engineerTo>
<useDomainConstraints>false</useDomainConstraints>
<use>1</use>
<logicalDatatype>LOGDT011</logicalDatatype>
<ownDataTypeParameters>,,</ownDataTypeParameters>
</Attribute>
<Attribute name="jmeno" id="0AEB1E28-856D-2A5D-5122-45DE15920DAE">
<createdBy>Matthew</createdBy>
<createdTime>2020-04-14 13:35:50 UTC</createdTime>
<ownerDesignName>model</ownerDesignName>
<engineerTo>
<item key="6D597542-EAEA-0783-5567-EB9234090993" value="true"/>
</engineerTo>
<useDomainConstraints>false</useDomainConstraints>
<use>1</use>
<logicalDatatype>LOGDT024</logicalDatatype>
<dataTypeSize>20 CHAR</dataTypeSize>
<ownDataTypeParameters>20 CHAR,,</ownDataTypeParameters>
</Attribute>
<Attribute name="prijmeni" id="8331F452-95DC-F098-FFE0-ED0E336D9AA7">
<createdBy>Matthew</createdBy>
<createdTime>2020-04-14 13:36:05 UTC</createdTime>
<ownerDesignName>model</ownerDesignName>
<engineerTo>
<item key="6D597542-EAEA-0783-5567-EB9234090993" value="true"/>
</engineerTo>
<useDomainConstraints>false</useDomainConstraints>
<use>1</use>
<logicalDatatype>LOGDT024</logicalDatatype>
<dataTypeSize>20 CHAR</dataTypeSize>
<ownDataTypeParameters>20 CHAR,,</ownDataTypeParameters>
</Attribute>
<Attribute name="pohlavi" id="267E2EC9-2F56-BAF6-0F8C-CFEB4B7EB04E">
<createdBy>Matthew</createdBy>
<createdTime>2020-04-14 13:36:10 UTC</createdTime>
<ownerDesignName>model</ownerDesignName>
<engineerTo>
<item key="6D597542-EAEA-0783-5567-EB9234090993" value="true"/>
</engineerTo>
<useDomainConstraints>false</useDomainConstraints>
<use>1</use>
<logicalDatatype>LOGDT024</logicalDatatype>
<dataTypeSize>6 CHAR</dataTypeSize>
<ownDataTypeParameters>6 CHAR,,</ownDataTypeParameters>
</Attribute>
<Attribute name="email" id="2515C5D6-5F20-C852-FDC4-EED47D424017">
<createdBy>Matthew</createdBy>
<createdTime>2020-04-14 13:36:51 UTC</createdTime>
<ownerDesignName>model</ownerDesignName>
<engineerTo>
<item key="6D597542-EAEA-0783-5567-EB9234090993" value="true"/>
</engineerTo>
<nullsAllowed>true</nullsAllowed>
<useDomainConstraints>false</useDomainConstraints>
<use>1</use>
<logicalDatatype>LOGDT024</logicalDatatype>
<dataTypeSize>45 CHAR</dataTypeSize>
<ownDataTypeParameters>45 CHAR,,</ownDataTypeParameters>
</Attribute>
<Attribute name="telefon" id="E1FE8216-2C65-1CA1-9E2A-0BFB0AE8969E">
<createdBy>Matthew</createdBy>
<createdTime>2020-04-14 13:37:01 UTC</createdTime>
<ownerDesignName>model</ownerDesignName>
<engineerTo>
<item key="6D597542-EAEA-0783-5567-EB9234090993" value="true"/>
</engineerTo>
<nullsAllowed>true</nullsAllowed>
<useDomainConstraints>false</useDomainConstraints>
<use>1</use>
<logicalDatatype>LOGDT011</logicalDatatype>
<ownDataTypeParameters>,,</ownDataTypeParameters>
</Attribute>
</attributes>
<identifiers itemClass="oracle.dbtools.crest.model.design.logical.CandidateKey">
<identifier id="50467E6F-8DA3-E099-D8DF-816BE0B9E728" name="Zakaznik PK">
<createdBy>Matthew</createdBy>
<createdTime>2020-04-14 13:35:47 UTC</createdTime>
<ownerDesignName>model</ownerDesignName>
<engineerTo>
<item key="6D597542-EAEA-0783-5567-EB9234090993" value="true"/>
</engineerTo>
<pk>true</pk>
<usedAttributes>
<attributeRef>A8695C17-6D9C-CEBC-C578-9B2B92873B77</attributeRef>
</usedAttributes>
</identifier>
</identifiers>
</Entity>