<?xml version = '1.0' encoding = 'UTF-8'?>
<Entity class="oracle.dbtools.crest.model.design.logical.Entity" directorySegmentName="seg_0" id="79C7BF05-A270-5B5C-5916-8EE3128B2BE8" name="Polozka">
<createdBy>Matthew</createdBy>
<createdTime>2020-04-14 14:31:09 UTC</createdTime>
<ownerDesignName>model</ownerDesignName>
<engineerTo>
<item key="6D597542-EAEA-0783-5567-EB9234090993" value="true"/>
</engineerTo>
<adequatelyNormalized>NO</adequatelyNormalized>
<expectedVolumes>0</expectedVolumes>
<fwdEngineeringStrategyName>Single Table</fwdEngineeringStrategyName>
<growthPercent>0</growthPercent>
<growthType>Year</growthType>
<maxVolumes>9999999</maxVolumes>
<minVolumes>0</minVolumes>
<normalForm>Third</normalForm>
<attributes itemClass="oracle.dbtools.crest.model.design.logical.Attribute">
<Attribute name="pocet_ks" id="72A571B5-D033-4BBE-01E7-48B3BF34EDBF">
<createdBy>Matthew</createdBy>
<createdTime>2020-04-14 14:31:45 UTC</createdTime>
<ownerDesignName>model</ownerDesignName>
<engineerTo>
<item key="6D597542-EAEA-0783-5567-EB9234090993" value="true"/>
</engineerTo>
<useDomainConstraints>false</useDomainConstraints>
<use>1</use>
<logicalDatatype>LOGDT011</logicalDatatype>
<ownDataTypeParameters>,,</ownDataTypeParameters>
</Attribute>
<Attribute name="ID_objednavka" id="3091C723-4114-30D2-6D94-55F70CDEB13E">
<createdBy>Matthew</createdBy>
<createdTime>2020-04-14 14:32:10 UTC</createdTime>
<generatorID>FC9C949B-7AB8-DDF7-4DE3-C5525E2DBAA1</generatorID>
<ownerDesignName>model</ownerDesignName>
<engineerTo>
<item key="6D597542-EAEA-0783-5567-EB9234090993" value="true"/>
</engineerTo>
<referedAttribute>138F2FC8-4EF1-852C-39C7-236F6263CF9D</referedAttribute>
<useDomainConstraints>false</useDomainConstraints>
<use>1</use>
<logicalDatatype>LOGDT011</logicalDatatype>
<ownDataTypeParameters>,,</ownDataTypeParameters>
</Attribute>
<Attribute name="ID_sluzba" id="ADF9F858-45EB-AF98-F56F-91849BDF7B5C">
<createdBy>Matthew</createdBy>
<createdTime>2020-04-14 14:34:37 UTC</createdTime>
<generatorID>BDE8FDB6-284A-A040-B706-592127DD1AC3</generatorID>
<ownerDesignName>model</ownerDesignName>
<engineerTo>
<item key="6D597542-EAEA-0783-5567-EB9234090993" value="true"/>
</engineerTo>
<referedAttribute>CC06C746-AB45-B13D-DD11-8ED854489F48</referedAttribute>
<useDomainConstraints>false</useDomainConstraints>
<use>1</use>
<logicalDatatype>LOGDT011</logicalDatatype>
<ownDataTypeParameters>,,</ownDataTypeParameters>
</Attribute>
</attributes>
<identifiers itemClass="oracle.dbtools.crest.model.design.logical.CandidateKey">
<identifier id="DF472923-5BB3-1F3C-B880-8325823B27EC" name="Polozka PK">
<createdBy>Matthew</createdBy>
<createdTime>2020-04-14 14:33:09 UTC</createdTime>
<ownerDesignName>model</ownerDesignName>
<engineerTo>
<item key="6D597542-EAEA-0783-5567-EB9234090993" value="true"/>
</engineerTo>
<pk>true</pk>
<usedAttributes>
<attributeRef>3091C723-4114-30D2-6D94-55F70CDEB13E</attributeRef>
<attributeRef>ADF9F858-45EB-AF98-F56F-91849BDF7B5C</attributeRef>
</usedAttributes>
</identifier>
</identifiers>
</Entity>