<?xml version = '1.0' encoding = 'UTF-8'?>
<Entity class="oracle.dbtools.crest.model.design.logical.Entity" directorySegmentName="seg_0" id="9655023E-EC0D-E988-1CA8-D8A6D856D3F8" name="Objednavka">
<createdBy>Matthew</createdBy>
<createdTime>2020-04-14 14:01:59 UTC</createdTime>
<ownerDesignName>model</ownerDesignName>
<engineerTo>
<item key="6D597542-EAEA-0783-5567-EB9234090993" value="true"/>
</engineerTo>
<adequatelyNormalized>NO</adequatelyNormalized>
<expectedVolumes>0</expectedVolumes>
<fwdEngineeringStrategyName>Single Table</fwdEngineeringStrategyName>
<growthPercent>0</growthPercent>
<growthType>Year</growthType>
<maxVolumes>9999999</maxVolumes>
<minVolumes>0</minVolumes>
<normalForm>Third</normalForm>
<attributes itemClass="oracle.dbtools.crest.model.design.logical.Attribute">
<Attribute name="ID_objednavka" id="138F2FC8-4EF1-852C-39C7-236F6263CF9D">
<createdBy>Matthew</createdBy>
<createdTime>2020-04-14 14:02:09 UTC</createdTime>
<ownerDesignName>model</ownerDesignName>
<engineerTo>
<item key="6D597542-EAEA-0783-5567-EB9234090993" value="true"/>
</engineerTo>
<useDomainConstraints>false</useDomainConstraints>
<use>1</use>
<logicalDatatype>LOGDT011</logicalDatatype>
<ownDataTypeParameters>,,</ownDataTypeParameters>
</Attribute>
<Attribute name="datum" id="4FB89B20-A898-42E7-1F20-698F65F46796">
<createdBy>Matthew</createdBy>
<createdTime>2020-04-14 14:03:51 UTC</createdTime>
<ownerDesignName>model</ownerDesignName>
<engineerTo>
<item key="6D597542-EAEA-0783-5567-EB9234090993" value="true"/>
</engineerTo>
<useDomainConstraints>false</useDomainConstraints>
<use>1</use>
<logicalDatatype>LOGDT007</logicalDatatype>
<ownDataTypeParameters>,,</ownDataTypeParameters>
</Attribute>
<Attribute name="ID_zakaznik" id="25C82372-14CE-18A2-568C-0D7C91337DB0">
<createdBy>Matthew</createdBy>
<createdTime>2020-04-14 14:04:53 UTC</createdTime>
<generatorID>9A798AA7-2579-60B9-B3C9-D6A3DFFEE5C4</generatorID>
<ownerDesignName>model</ownerDesignName>
<engineerTo>
<item key="6D597542-EAEA-0783-5567-EB9234090993" value="true"/>
</engineerTo>
<referedAttribute>A8695C17-6D9C-CEBC-C578-9B2B92873B77</referedAttribute>
<useDomainConstraints>false</useDomainConstraints>
<use>1</use>
<logicalDatatype>LOGDT011</logicalDatatype>
<ownDataTypeParameters>,,</ownDataTypeParameters>
</Attribute>
<Attribute name="ID_zamestnanec" id="7C67965D-4EB6-8207-6043-A73F93FF863A">
<createdBy>Matthew</createdBy>
<createdTime>2020-04-14 14:05:41 UTC</createdTime>
<generatorID>8FFC3E7C-C7DE-1C47-D27C-F75559404706</generatorID>
<ownerDesignName>model</ownerDesignName>
<engineerTo>
<item key="6D597542-EAEA-0783-5567-EB9234090993" value="true"/>
</engineerTo>
<referedAttribute>21723CD9-D6DC-68DA-85FE-3F10C423419F</referedAttribute>
<useDomainConstraints>false</useDomainConstraints>
<use>1</use>
<logicalDatatype>LOGDT011</logicalDatatype>
<ownDataTypeParameters>,,</ownDataTypeParameters>
</Attribute>
</attributes>
<identifiers itemClass="oracle.dbtools.crest.model.design.logical.CandidateKey">
<identifier id="8EFDC9ED-ADCA-70B0-FF8C-D9132A9A61DC" name="Objednavka PK">
<createdBy>Matthew</createdBy>
<createdTime>2020-04-14 14:02:23 UTC</createdTime>
<ownerDesignName>model</ownerDesignName>
<engineerTo>
<item key="6D597542-EAEA-0783-5567-EB9234090993" value="true"/>
</engineerTo>
<pk>true</pk>
<usedAttributes>
<attributeRef>138F2FC8-4EF1-852C-39C7-236F6263CF9D</attributeRef>
</usedAttributes>
</identifier>
</identifiers>
</Entity>