<?xml version = '1.0' encoding = 'UTF-8'?>
<Entity class="oracle.dbtools.crest.model.design.logical.Entity" directorySegmentName="seg_0" id="E7617FF6-F5F0-B93E-5EAE-7027CEC6D27B" name="Pujcovna">
<createdBy>Matthew</createdBy>
<createdTime>2020-04-14 13:32:46 UTC</createdTime>
<ownerDesignName>model</ownerDesignName>
<engineerTo>
<item key="6D597542-EAEA-0783-5567-EB9234090993" value="true"/>
</engineerTo>
<adequatelyNormalized>NO</adequatelyNormalized>
<expectedVolumes>0</expectedVolumes>
<fwdEngineeringStrategyName>Single Table</fwdEngineeringStrategyName>
<growthPercent>0</growthPercent>
<growthType>Year</growthType>
<maxVolumes>9999999</maxVolumes>
<minVolumes>0</minVolumes>
<normalForm>Third</normalForm>
<attributes itemClass="oracle.dbtools.crest.model.design.logical.Attribute">
<Attribute name="ID_pujcovna" id="BDB17865-C31B-8618-495E-54A2119D18DF">
<createdBy>Matthew</createdBy>
<createdTime>2020-04-14 13:32:53 UTC</createdTime>
<ownerDesignName>model</ownerDesignName>
<engineerTo>
<item key="6D597542-EAEA-0783-5567-EB9234090993" value="true"/>
</engineerTo>
<useDomainConstraints>false</useDomainConstraints>
<use>1</use>
<logicalDatatype>LOGDT011</logicalDatatype>
<ownDataTypeParameters>,,</ownDataTypeParameters>
</Attribute>
<Attribute name="pocet_lyze" id="7769E50F-6715-21F1-0A0A-2094A2D52BF9">
<createdBy>Matthew</createdBy>
<createdTime>2020-04-14 13:33:25 UTC</createdTime>
<ownerDesignName>model</ownerDesignName>
<engineerTo>
<item key="6D597542-EAEA-0783-5567-EB9234090993" value="true"/>
</engineerTo>
<useDomainConstraints>false</useDomainConstraints>
<use>1</use>
<logicalDatatype>LOGDT011</logicalDatatype>
<ownDataTypeParameters>,,</ownDataTypeParameters>
</Attribute>
<Attribute name="pocet_snowboard" id="7ACC515C-2842-DF47-DD21-0BDB07768B07">
<createdBy>Matthew</createdBy>
<createdTime>2020-04-14 13:33:45 UTC</createdTime>
<ownerDesignName>model</ownerDesignName>
<engineerTo>
<item key="6D597542-EAEA-0783-5567-EB9234090993" value="true"/>
</engineerTo>
<useDomainConstraints>false</useDomainConstraints>
<use>1</use>
<logicalDatatype>LOGDT011</logicalDatatype>
<ownDataTypeParameters>,,</ownDataTypeParameters>
</Attribute>
<Attribute name="pocet_bezky" id="21604997-DE12-178A-4E95-063F4C6ACAD0">
<createdBy>Matthew</createdBy>
<createdTime>2020-04-14 13:33:47 UTC</createdTime>
<ownerDesignName>model</ownerDesignName>
<engineerTo>
<item key="6D597542-EAEA-0783-5567-EB9234090993" value="true"/>
</engineerTo>
<useDomainConstraints>false</useDomainConstraints>
<use>1</use>
<logicalDatatype>LOGDT011</logicalDatatype>
<ownDataTypeParameters>,,</ownDataTypeParameters>
</Attribute>
<Attribute name="pocet_sanky" id="CB554487-64D8-5A59-6008-327F25ED3455">
<createdBy>Matthew</createdBy>
<createdTime>2020-04-14 13:33:47 UTC</createdTime>
<ownerDesignName>model</ownerDesignName>
<engineerTo>
<item key="6D597542-EAEA-0783-5567-EB9234090993" value="true"/>
</engineerTo>
<useDomainConstraints>false</useDomainConstraints>
<use>1</use>
<logicalDatatype>LOGDT011</logicalDatatype>
<ownDataTypeParameters>,,</ownDataTypeParameters>
</Attribute>
<Attribute name="ID_zamestnanec" id="13C2C2A1-5822-E109-87C7-539DFAAE17AC">
<createdBy>Matthew</createdBy>
<createdTime>2020-04-14 13:57:42 UTC</createdTime>
<generatorID>55445128-6011-4A8E-FE40-315269D69997</generatorID>
<ownerDesignName>model</ownerDesignName>
<engineerTo>
<item key="6D597542-EAEA-0783-5567-EB9234090993" value="true"/>
</engineerTo>
<referedAttribute>21723CD9-D6DC-68DA-85FE-3F10C423419F</referedAttribute>
<useDomainConstraints>false</useDomainConstraints>
<use>1</use>
<logicalDatatype>LOGDT011</logicalDatatype>
<ownDataTypeParameters>,,</ownDataTypeParameters>
</Attribute>
</attributes>
<identifiers itemClass="oracle.dbtools.crest.model.design.logical.CandidateKey">
<identifier id="B5C9AACE-EE98-16F4-B858-A4329617E34D" name="Pujcovna PK">
<createdBy>Matthew</createdBy>
<createdTime>2020-04-14 13:33:08 UTC</createdTime>
<ownerDesignName>model</ownerDesignName>
<engineerTo>
<item key="6D597542-EAEA-0783-5567-EB9234090993" value="true"/>
</engineerTo>
<pk>true</pk>
<usedAttributes>
<attributeRef>BDB17865-C31B-8618-495E-54A2119D18DF</attributeRef>
</usedAttributes>
</identifier>
</identifiers>
</Entity>