<?xml version = '1.0' encoding = 'UTF-8'?>
<Entity class="oracle.dbtools.crest.model.design.logical.Entity" directorySegmentName="seg_0" id="F6FAD7EF-23D4-EEC8-E978-7210023DC04F" name="Instruktor">
<createdBy>Matthew</createdBy>
<createdTime>2020-04-14 13:50:41 UTC</createdTime>
<ownerDesignName>model</ownerDesignName>
<engineerTo>
<item key="6D597542-EAEA-0783-5567-EB9234090993" value="true"/>
</engineerTo>
<adequatelyNormalized>NO</adequatelyNormalized>
<expectedVolumes>0</expectedVolumes>
<fwdEngineeringStrategyName>Single Table</fwdEngineeringStrategyName>
<growthPercent>0</growthPercent>
<growthType>Year</growthType>
<maxVolumes>9999999</maxVolumes>
<minVolumes>0</minVolumes>
<normalForm>Third</normalForm>
<attributes itemClass="oracle.dbtools.crest.model.design.logical.Attribute">
<Attribute name="ID_zamestnanec" id="13B8A507-51C6-4BA6-7B8C-18E3AA1B7959">
<createdBy>Matthew</createdBy>
<createdTime>2020-04-14 13:51:44 UTC</createdTime>
<generatorID>C00999D7-27D3-A0BA-B67B-1AC345FBE42F</generatorID>
<ownerDesignName>model</ownerDesignName>
<engineerTo>
<item key="6D597542-EAEA-0783-5567-EB9234090993" value="true"/>
</engineerTo>
<referedAttribute>21723CD9-D6DC-68DA-85FE-3F10C423419F</referedAttribute>
<useDomainConstraints>false</useDomainConstraints>
<use>1</use>
<logicalDatatype>LOGDT011</logicalDatatype>
<ownDataTypeParameters>,,</ownDataTypeParameters>
</Attribute>
</attributes>
<identifiers itemClass="oracle.dbtools.crest.model.design.logical.CandidateKey">
<identifier id="8C1E9241-8573-877E-324C-C33505DB8A7E" name="Instruktor PK">
<createdBy>Matthew</createdBy>
<createdTime>2020-04-14 13:51:49 UTC</createdTime>
<ownerDesignName>model</ownerDesignName>
<engineerTo>
<item key="6D597542-EAEA-0783-5567-EB9234090993" value="true"/>
</engineerTo>
<pk>true</pk>
<usedAttributes>
<attributeRef>13B8A507-51C6-4BA6-7B8C-18E3AA1B7959</attributeRef>
</usedAttributes>
</identifier>
</identifiers>
</Entity>