<?xml version = '1.0' encoding = 'UTF-8'?>
<FKIndexAssociation class="oracle.dbtools.crest.model.design.relational.FKIndexAssociation" directorySegmentName="seg_0" id="1F835E48-9893-F83A-1AFE-423B5076052A" containerWithKeyObject="71EDA561-9AA0-5730-4A42-A66042A4126C" localFKIndex="A32E5F07-9ED4-AA8F-738D-A0C6A943AB4B" name="Pujcovna_Zamestnanec_FK">
<createdBy>Matthew</createdBy>
<createdTime>2020-04-14 14:43:12 UTC</createdTime>
<generatorID>55445128-6011-4A8E-FE40-315269D69997</generatorID>
<ownerDesignName>model</ownerDesignName>
<referredTableLongName>Zamestnanec</referredTableLongName>
<deleteRule>NO ACTION</deleteRule>
<referredTableID>BA0CE0AE-7BC1-6A7C-9B13-230B11396F69</referredTableID>
<keyObject>8C6DA6E4-F91C-C017-4C71-B4CCA90B91D3</keyObject>
<referredKeyID>8C6DA6E4-F91C-C017-4C71-B4CCA90B91D3</referredKeyID>
<mandatory>true</mandatory>
<refColNames>ID_zamestnanec</refColNames>
<transferable>true</transferable>
<rely>false</rely>
<columnDependencyConstraintGenerateInDDL>true</columnDependencyConstraintGenerateInDDL>
</FKIndexAssociation>