<?xml version = '1.0' encoding = 'UTF-8'?>
<FKIndexAssociation class="oracle.dbtools.crest.model.design.relational.FKIndexAssociation" directorySegmentName="seg_0" id="2A29BF3E-C3CA-8AD1-F88C-D11D97EE5030" containerWithKeyObject="D1644536-0EC3-7890-0D10-CBABDC29E156" localFKIndex="1356C291-3EE7-02E1-D97B-F1537F8347E5" name="Objednavka_Zakaznik_FK">
<createdBy>Matthew</createdBy>
<createdTime>2020-04-14 14:43:12 UTC</createdTime>
<generatorID>9A798AA7-2579-60B9-B3C9-D6A3DFFEE5C4</generatorID>
<ownerDesignName>model</ownerDesignName>
<referredTableLongName>Zakaznik</referredTableLongName>
<deleteRule>NO ACTION</deleteRule>
<referredTableID>3724453C-AB33-76F3-C435-F17383C923B2</referredTableID>
<keyObject>1FFFC48E-668C-62B5-0919-DE898791058B</keyObject>
<referredKeyID>1FFFC48E-668C-62B5-0919-DE898791058B</referredKeyID>
<mandatory>true</mandatory>
<refColNames>ID_zakaznik</refColNames>
<transferable>true</transferable>
<rely>false</rely>
<columnDependencyConstraintGenerateInDDL>true</columnDependencyConstraintGenerateInDDL>
</FKIndexAssociation>