<?xml version = '1.0' encoding = 'UTF-8'?>
<FKIndexAssociation class="oracle.dbtools.crest.model.design.relational.FKIndexAssociation" directorySegmentName="seg_0" id="39668C84-417A-E8DF-BB79-5C1D7F9C448C" containerWithKeyObject="DBD39EB6-02C1-896D-FF74-9D75A7EA0AE5" localFKIndex="4D246E35-3916-C57D-CAD2-C19C4285793A" name="Vyuka_Sluzba_FK">
<createdBy>Matthew</createdBy>
<createdTime>2020-04-14 14:43:12 UTC</createdTime>
<generatorID>4DB2C6FC-08A4-EF35-0C13-07A894D88ED7</generatorID>
<ownerDesignName>model</ownerDesignName>
<referredTableLongName>Sluzba</referredTableLongName>
<arc>C22716D4-9BEA-903E-3D81-B69458799E84</arc>
<deleteRule>NO ACTION</deleteRule>
<referredTableID>44634C3A-0854-51C7-2316-E0B559875B61</referredTableID>
<keyObject>2D5ADF16-8B7F-B290-69C6-88620B4BC3BD</keyObject>
<referredKeyID>2D5ADF16-8B7F-B290-69C6-88620B4BC3BD</referredKeyID>
<mandatory>true</mandatory>
<refColNames>ID_sluzba</refColNames>
<transferable>true</transferable>
<rely>false</rely>
<discriminatorValue>2</discriminatorValue>
<columnDependencyConstraintGenerateInDDL>true</columnDependencyConstraintGenerateInDDL>
</FKIndexAssociation>