<?xml version = '1.0' encoding = 'UTF-8'?>
<FKIndexAssociation class="oracle.dbtools.crest.model.design.relational.FKIndexAssociation" directorySegmentName="seg_0" id="528E7CA3-1BF6-23C0-6C3E-F807F1964D12" containerWithKeyObject="D92AACED-0493-F654-4F2B-4526C45367BC" localFKIndex="E171F941-D4BE-65A3-A356-04279EDF1B97" name="Polozka_Objednavka_FK">
<createdBy>Matthew</createdBy>
<createdTime>2020-04-14 14:43:12 UTC</createdTime>
<generatorID>FC9C949B-7AB8-DDF7-4DE3-C5525E2DBAA1</generatorID>
<ownerDesignName>model</ownerDesignName>
<referredTableLongName>Objednavka</referredTableLongName>
<deleteRule>NO ACTION</deleteRule>
<referredTableID>D1644536-0EC3-7890-0D10-CBABDC29E156</referredTableID>
<keyObject>7351A2AA-C6BC-D78C-5F64-FCFBF6D92127</keyObject>
<referredKeyID>7351A2AA-C6BC-D78C-5F64-FCFBF6D92127</referredKeyID>
<mandatory>true</mandatory>
<refColNames>ID_objednavka</refColNames>
<transferable>true</transferable>
<rely>false</rely>
<columnDependencyConstraintGenerateInDDL>true</columnDependencyConstraintGenerateInDDL>
</FKIndexAssociation>