<?xml version = '1.0' encoding = 'UTF-8'?>
<FKIndexAssociation class="oracle.dbtools.crest.model.design.relational.FKIndexAssociation" directorySegmentName="seg_0" id="55474D0B-6E16-E7B5-A4D3-32C17586C224" containerWithKeyObject="44634C3A-0854-51C7-2316-E0B559875B61" localFKIndex="D4110527-1A8A-CAB5-2201-27FC826678BC" name="Sluzba_Typ_sluzby_FK">
<createdBy>Matthew</createdBy>
<createdTime>2020-04-14 14:43:12 UTC</createdTime>
<generatorID>C8B23D32-AE90-5AD3-C2BD-D1ECD76EFD43</generatorID>
<ownerDesignName>model</ownerDesignName>
<referredTableLongName>Typ_sluzby</referredTableLongName>
<deleteRule>NO ACTION</deleteRule>
<referredTableID>6CFDC110-B581-4123-1899-A4B5AAA63E0E</referredTableID>
<keyObject>6E2AB23E-4AC4-D7BF-8DD2-2ABBF7DC5139</keyObject>
<referredKeyID>6E2AB23E-4AC4-D7BF-8DD2-2ABBF7DC5139</referredKeyID>
<mandatory>true</mandatory>
<refColNames>ID_typ_sluzby</refColNames>
<transferable>true</transferable>
<rely>false</rely>
<columnDependencyConstraintGenerateInDDL>true</columnDependencyConstraintGenerateInDDL>
</FKIndexAssociation>