<?xml version = '1.0' encoding = 'UTF-8'?>
<FKIndexAssociation class="oracle.dbtools.crest.model.design.relational.FKIndexAssociation" directorySegmentName="seg_0" id="5E363B1F-603B-13A7-20E0-68728544A593" containerWithKeyObject="3939C1C6-7B5F-C6DC-4C41-B3F9710BE574" localFKIndex="9E0B66FE-D364-0979-6299-3FEE4EA1522B" name="Maser_Zamestnanec_FK">
<createdBy>Matthew</createdBy>
<createdTime>2020-04-14 14:43:12 UTC</createdTime>
<generatorID>D44FEB24-47C3-FFE7-4367-2E6B26A431B7</generatorID>
<ownerDesignName>model</ownerDesignName>
<referredTableLongName>Zamestnanec</referredTableLongName>
<deleteRule>NO ACTION</deleteRule>
<referredTableID>BA0CE0AE-7BC1-6A7C-9B13-230B11396F69</referredTableID>
<keyObject>8C6DA6E4-F91C-C017-4C71-B4CCA90B91D3</keyObject>
<referredKeyID>8C6DA6E4-F91C-C017-4C71-B4CCA90B91D3</referredKeyID>
<mandatory>true</mandatory>
<refColNames>ID_zamestnanec</refColNames>
<transferable>true</transferable>
<rely>false</rely>
<columnDependencyConstraintGenerateInDDL>true</columnDependencyConstraintGenerateInDDL>
</FKIndexAssociation>