<?xml version = '1.0' encoding = 'UTF-8'?>
<FKIndexAssociation class="oracle.dbtools.crest.model.design.relational.FKIndexAssociation" directorySegmentName="seg_0" id="61B8496A-49CF-36E0-E70E-EDF5D38FCA4D" containerWithKeyObject="778B2F9A-2D59-2FF6-5059-7FAA3CA9EA97" localFKIndex="D4D6F68C-761D-6DE0-9ACB-CE9A10B97200" name="Sjezdovka_Vlekar_FK">
<createdBy>Matthew</createdBy>
<createdTime>2020-04-14 14:43:12 UTC</createdTime>
<generatorID>9D98E07A-4379-F48C-B431-ACCF2AB8ECA6</generatorID>
<ownerDesignName>model</ownerDesignName>
<referredTableLongName>Vlekar</referredTableLongName>
<deleteRule>NO ACTION</deleteRule>
<referredTableID>59B4A0FE-F71C-6FC6-CCCE-7ACDAA88F587</referredTableID>
<keyObject>471B32CE-BB38-1EF4-42C0-60B464CBB42A</keyObject>
<referredKeyID>471B32CE-BB38-1EF4-42C0-60B464CBB42A</referredKeyID>
<mandatory>true</mandatory>
<refColNames>Zamestnanec_ID_zamestnanec</refColNames>
<transferable>true</transferable>
<rely>false</rely>
<columnDependencyConstraintGenerateInDDL>true</columnDependencyConstraintGenerateInDDL>
</FKIndexAssociation>