<?xml version = '1.0' encoding = 'UTF-8'?>
<FKIndexAssociation class="oracle.dbtools.crest.model.design.relational.FKIndexAssociation" directorySegmentName="seg_0" id="6E55E720-8518-3FFA-8E94-578C2F3C2FA7" containerWithKeyObject="222C72DF-83A3-9CDD-A702-5F7230F7B8C3" localFKIndex="6BDD564B-C0F4-1CF9-D3F3-95F8D686AB6C" name="Instruktor_Zamestnanec_FK">
<createdBy>Matthew</createdBy>
<createdTime>2020-04-14 14:43:12 UTC</createdTime>
<generatorID>C00999D7-27D3-A0BA-B67B-1AC345FBE42F</generatorID>
<ownerDesignName>model</ownerDesignName>
<referredTableLongName>Zamestnanec</referredTableLongName>
<deleteRule>NO ACTION</deleteRule>
<referredTableID>BA0CE0AE-7BC1-6A7C-9B13-230B11396F69</referredTableID>
<keyObject>8C6DA6E4-F91C-C017-4C71-B4CCA90B91D3</keyObject>
<referredKeyID>8C6DA6E4-F91C-C017-4C71-B4CCA90B91D3</referredKeyID>
<mandatory>true</mandatory>
<refColNames>ID_zamestnanec</refColNames>
<transferable>true</transferable>
<rely>false</rely>
<columnDependencyConstraintGenerateInDDL>true</columnDependencyConstraintGenerateInDDL>
</FKIndexAssociation>