<?xml version = '1.0' encoding = 'UTF-8'?>
<FKIndexAssociation class="oracle.dbtools.crest.model.design.relational.FKIndexAssociation" directorySegmentName="seg_0" id="7CFE0A6B-F1AF-3BA7-B491-BA534D652A92" containerWithKeyObject="D1644536-0EC3-7890-0D10-CBABDC29E156" localFKIndex="007BB598-C743-29C8-32D2-080A97377F97" name="Objednavka_Zamestnanec_FK">
<createdBy>Matthew</createdBy>
<createdTime>2020-04-14 14:43:12 UTC</createdTime>
<generatorID>8FFC3E7C-C7DE-1C47-D27C-F75559404706</generatorID>
<ownerDesignName>model</ownerDesignName>
<referredTableLongName>Zamestnanec</referredTableLongName>
<deleteRule>NO ACTION</deleteRule>
<referredTableID>BA0CE0AE-7BC1-6A7C-9B13-230B11396F69</referredTableID>
<keyObject>8C6DA6E4-F91C-C017-4C71-B4CCA90B91D3</keyObject>
<referredKeyID>8C6DA6E4-F91C-C017-4C71-B4CCA90B91D3</referredKeyID>
<mandatory>true</mandatory>
<refColNames>ID_zamestnanec</refColNames>
<transferable>true</transferable>
<rely>false</rely>
<columnDependencyConstraintGenerateInDDL>true</columnDependencyConstraintGenerateInDDL>
</FKIndexAssociation>