<?xml version = '1.0' encoding = 'UTF-8'?>
<FKIndexAssociation class="oracle.dbtools.crest.model.design.relational.FKIndexAssociation" directorySegmentName="seg_0" id="9F13C92C-1FB7-7385-8EED-242B74C80D3B" containerWithKeyObject="DBD39EB6-02C1-896D-FF74-9D75A7EA0AE5" localFKIndex="40E8C621-9675-43E1-63A7-FFAB2653DEC4" name="Vyuka_Instruktor_FK">
<createdBy>Matthew</createdBy>
<createdTime>2020-04-14 14:43:12 UTC</createdTime>
<generatorID>1FBAB4B6-3F23-1C1E-2C2E-A5585693AE6C</generatorID>
<ownerDesignName>model</ownerDesignName>
<referredTableLongName>Instruktor</referredTableLongName>
<deleteRule>NO ACTION</deleteRule>
<referredTableID>222C72DF-83A3-9CDD-A702-5F7230F7B8C3</referredTableID>
<keyObject>81EF0D8D-9D89-C769-B560-DEFF882F5AAD</keyObject>
<referredKeyID>81EF0D8D-9D89-C769-B560-DEFF882F5AAD</referredKeyID>
<mandatory>true</mandatory>
<refColNames>Zamestnanec_ID_zamestnanec</refColNames>
<transferable>true</transferable>
<rely>false</rely>
<columnDependencyConstraintGenerateInDDL>true</columnDependencyConstraintGenerateInDDL>
</FKIndexAssociation>