<?xml version = '1.0' encoding = 'UTF-8'?>
<FKIndexAssociation class="oracle.dbtools.crest.model.design.relational.FKIndexAssociation" directorySegmentName="seg_0" id="A2FE9C17-9FBB-82CC-38BB-B1A28C9700F2" containerWithKeyObject="2335A743-DD5E-9D8B-EC34-32CB6EA7941B" localFKIndex="C216AE66-B29D-E241-B27F-065630997B5F" name="Masaz_Maser_FK">
<createdBy>Matthew</createdBy>
<createdTime>2020-04-14 14:43:12 UTC</createdTime>
<generatorID>A962C77F-9EE8-531E-4DAD-E9C59EED3F1E</generatorID>
<ownerDesignName>model</ownerDesignName>
<referredTableLongName>Maser</referredTableLongName>
<deleteRule>NO ACTION</deleteRule>
<referredTableID>3939C1C6-7B5F-C6DC-4C41-B3F9710BE574</referredTableID>
<keyObject>E51B1E03-C3C5-755A-2A26-D1493EA9302D</keyObject>
<referredKeyID>E51B1E03-C3C5-755A-2A26-D1493EA9302D</referredKeyID>
<mandatory>true</mandatory>
<refColNames>Zamestnanec_ID_zamestnanec</refColNames>
<transferable>true</transferable>
<rely>false</rely>
<columnDependencyConstraintGenerateInDDL>true</columnDependencyConstraintGenerateInDDL>
</FKIndexAssociation>