<?xml version = '1.0' encoding = 'UTF-8'?>
<FKIndexAssociation class="oracle.dbtools.crest.model.design.relational.FKIndexAssociation" directorySegmentName="seg_0" id="C06E9E24-C6C7-41CD-893C-3F8CE01EE7A5" containerWithKeyObject="59B4A0FE-F71C-6FC6-CCCE-7ACDAA88F587" localFKIndex="53F33474-DBDC-5AB1-B91E-A10E71E37619" name="Vlekar_Zamestnanec_FK">
<createdBy>Matthew</createdBy>
<createdTime>2020-04-14 14:43:12 UTC</createdTime>
<generatorID>292AEC7E-6FEC-654A-9267-A201028A2BA3</generatorID>
<ownerDesignName>model</ownerDesignName>
<referredTableLongName>Zamestnanec</referredTableLongName>
<deleteRule>NO ACTION</deleteRule>
<referredTableID>BA0CE0AE-7BC1-6A7C-9B13-230B11396F69</referredTableID>
<keyObject>8C6DA6E4-F91C-C017-4C71-B4CCA90B91D3</keyObject>
<referredKeyID>8C6DA6E4-F91C-C017-4C71-B4CCA90B91D3</referredKeyID>
<mandatory>true</mandatory>
<refColNames>ID_zamestnanec</refColNames>
<transferable>true</transferable>
<rely>false</rely>
<columnDependencyConstraintGenerateInDDL>true</columnDependencyConstraintGenerateInDDL>
</FKIndexAssociation>