<?xml version = '1.0' encoding = 'UTF-8'?>
<FKIndexAssociation class="oracle.dbtools.crest.model.design.relational.FKIndexAssociation" directorySegmentName="seg_0" id="D9198BA3-6CDC-7C5A-EE4C-AA093923DF0D" containerWithKeyObject="2335A743-DD5E-9D8B-EC34-32CB6EA7941B" localFKIndex="52A330C3-21CB-D185-D437-CE50617F4AB5" name="Masaz_Sluzba_FK">
<createdBy>Matthew</createdBy>
<createdTime>2020-04-14 14:43:12 UTC</createdTime>
<generatorID>ED1771F1-7770-DEFE-BB84-A95691AA3C4A</generatorID>
<ownerDesignName>model</ownerDesignName>
<referredTableLongName>Sluzba</referredTableLongName>
<arc>C22716D4-9BEA-903E-3D81-B69458799E84</arc>
<deleteRule>NO ACTION</deleteRule>
<referredTableID>44634C3A-0854-51C7-2316-E0B559875B61</referredTableID>
<keyObject>2D5ADF16-8B7F-B290-69C6-88620B4BC3BD</keyObject>
<referredKeyID>2D5ADF16-8B7F-B290-69C6-88620B4BC3BD</referredKeyID>
<mandatory>true</mandatory>
<refColNames>ID_sluzba</refColNames>
<transferable>true</transferable>
<rely>false</rely>
<discriminatorValue>1</discriminatorValue>
<columnDependencyConstraintGenerateInDDL>true</columnDependencyConstraintGenerateInDDL>
</FKIndexAssociation>