<?xml version = '1.0' encoding = 'UTF-8'?>
<FKIndexAssociation class="oracle.dbtools.crest.model.design.relational.FKIndexAssociation" directorySegmentName="seg_0" id="F9719401-42E6-E51D-48C8-9FC0E3FE96A4" containerWithKeyObject="D92AACED-0493-F654-4F2B-4526C45367BC" localFKIndex="5D0CD7EB-86E4-B0FC-32E1-BA5244E994A6" name="Polozka_Sluzba_FK">
<createdBy>Matthew</createdBy>
<createdTime>2020-04-14 14:43:12 UTC</createdTime>
<generatorID>BDE8FDB6-284A-A040-B706-592127DD1AC3</generatorID>
<ownerDesignName>model</ownerDesignName>
<referredTableLongName>Sluzba</referredTableLongName>
<deleteRule>NO ACTION</deleteRule>
<referredTableID>44634C3A-0854-51C7-2316-E0B559875B61</referredTableID>
<keyObject>2D5ADF16-8B7F-B290-69C6-88620B4BC3BD</keyObject>
<referredKeyID>2D5ADF16-8B7F-B290-69C6-88620B4BC3BD</referredKeyID>
<mandatory>true</mandatory>
<refColNames>ID_sluzba</refColNames>
<transferable>true</transferable>
<rely>false</rely>
<columnDependencyConstraintGenerateInDDL>true</columnDependencyConstraintGenerateInDDL>
</FKIndexAssociation>