<?xml version = '1.0' encoding = 'UTF-8'?>
<Relation class="oracle.dbtools.crest.model.design.logical.Relation" name="vyuka_instruktor" directorySegmentName="seg_0" id="1FBAB4B6-3F23-1C1E-2C2E-A5585693AE6C">
<createdBy>Matthew</createdBy>
<createdTime>2020-04-14 14:00:29 UTC</createdTime>
<ownerDesignName>model</ownerDesignName>
<engineerTo>
<item key="6D597542-EAEA-0783-5567-EB9234090993" value="true"/>
</engineerTo>
<sourcePk>8C1E9241-8573-877E-324C-C33505DB8A7E</sourcePk>
<identifying>false</identifying>
<nameOnSource>provádí</nameOnSource>
<optionalSource>true</optionalSource>
<optionalTarget>false</optionalTarget>
<sourceCardinality>1</sourceCardinality>
<sourceEntity>F6FAD7EF-23D4-EEC8-E978-7210023DC04F</sourceEntity>
<targetCardinalityString>*</targetCardinalityString>
<targetEntity>4711D58C-F0CC-B5E2-ECA7-34B9B8C47659</targetEntity>
<transferable>true</transferable>
<deleteRule>NO ACTION</deleteRule>
</Relation>