<?xml version = '1.0' encoding = 'UTF-8'?>
<Relation class="oracle.dbtools.crest.model.design.logical.Relation" name="zam3" directorySegmentName="seg_0" id="292AEC7E-6FEC-654A-9267-A201028A2BA3">
<createdBy>Matthew</createdBy>
<createdTime>2020-04-14 13:51:52 UTC</createdTime>
<ownerDesignName>model</ownerDesignName>
<engineerTo>
<item key="6D597542-EAEA-0783-5567-EB9234090993" value="true"/>
</engineerTo>
<sourcePk>737779F7-246E-1001-A830-338286E49060</sourcePk>
<identifying>true</identifying>
<nameOnSource>je</nameOnSource>
<optionalSource>true</optionalSource>
<optionalTarget>false</optionalTarget>
<sourceCardinality>1</sourceCardinality>
<sourceEntity>60A4D331-E45D-0A4A-6564-F2C0BC7C4025</sourceEntity>
<targetCardinalityString>1</targetCardinalityString>
<targetEntity>125206A4-3488-B2BC-E675-908D5E389E93</targetEntity>
<transferable>true</transferable>
<deleteRule>NO ACTION</deleteRule>
</Relation>