<?xml version = '1.0' encoding = 'UTF-8'?>
<Relation class="oracle.dbtools.crest.model.design.logical.Relation" name="sluzba2" directorySegmentName="seg_0" id="4DB2C6FC-08A4-EF35-0C13-07A894D88ED7">
<createdBy>Matthew</createdBy>
<createdTime>2020-04-14 14:13:31 UTC</createdTime>
<ownerDesignName>model</ownerDesignName>
<engineerTo>
<item key="6D597542-EAEA-0783-5567-EB9234090993" value="true"/>
</engineerTo>
<sourcePk>D607B3A7-9AE2-6F67-2915-17919C00F563</sourcePk>
<arc>9F364094-D646-9520-EB81-A78A25060DDF</arc>
<identifying>true</identifying>
<nameOnSource>je</nameOnSource>
<optionalSource>true</optionalSource>
<optionalTarget>false</optionalTarget>
<sourceCardinality>1</sourceCardinality>
<sourceEntity>15FB460C-A263-35F1-1012-BA95FD71A51D</sourceEntity>
<targetCardinalityString>1</targetCardinalityString>
<targetEntity>4711D58C-F0CC-B5E2-ECA7-34B9B8C47659</targetEntity>
<transferable>true</transferable>
<deleteRule>NO ACTION</deleteRule>
</Relation>