<?xml version = '1.0' encoding = 'UTF-8'?>
<Relation class="oracle.dbtools.crest.model.design.logical.Relation" name="obs_pujcovny" directorySegmentName="seg_0" id="55445128-6011-4A8E-FE40-315269D69997">
<createdBy>Matthew</createdBy>
<createdTime>2020-04-14 13:57:42 UTC</createdTime>
<ownerDesignName>model</ownerDesignName>
<engineerTo>
<item key="6D597542-EAEA-0783-5567-EB9234090993" value="true"/>
</engineerTo>
<sourcePk>737779F7-246E-1001-A830-338286E49060</sourcePk>
<identifying>false</identifying>
<nameOnSource>obsluhuje</nameOnSource>
<optionalSource>true</optionalSource>
<optionalTarget>false</optionalTarget>
<sourceCardinality>1</sourceCardinality>
<sourceEntity>60A4D331-E45D-0A4A-6564-F2C0BC7C4025</sourceEntity>
<targetCardinalityString>*</targetCardinalityString>
<targetEntity>E7617FF6-F5F0-B93E-5EAE-7027CEC6D27B</targetEntity>
<transferable>true</transferable>
<deleteRule>NO ACTION</deleteRule>
</Relation>