<?xml version = '1.0' encoding = 'UTF-8'?>
<Relation class="oracle.dbtools.crest.model.design.logical.Relation" name="prijem_obj" directorySegmentName="seg_0" id="8FFC3E7C-C7DE-1C47-D27C-F75559404706">
<createdBy>Matthew</createdBy>
<createdTime>2020-04-14 14:05:41 UTC</createdTime>
<ownerDesignName>model</ownerDesignName>
<engineerTo>
<item key="6D597542-EAEA-0783-5567-EB9234090993" value="true"/>
</engineerTo>
<sourcePk>737779F7-246E-1001-A830-338286E49060</sourcePk>
<identifying>false</identifying>
<nameOnSource>příjmá</nameOnSource>
<optionalSource>true</optionalSource>
<optionalTarget>false</optionalTarget>
<sourceCardinality>1</sourceCardinality>
<sourceEntity>60A4D331-E45D-0A4A-6564-F2C0BC7C4025</sourceEntity>
<targetCardinalityString>*</targetCardinalityString>
<targetEntity>9655023E-EC0D-E988-1CA8-D8A6D856D3F8</targetEntity>
<transferable>true</transferable>
<deleteRule>NO ACTION</deleteRule>
</Relation>