<?xml version = '1.0' encoding = 'UTF-8'?>
<Relation class="oracle.dbtools.crest.model.design.logical.Relation" name="zadani_obj" directorySegmentName="seg_0" id="9A798AA7-2579-60B9-B3C9-D6A3DFFEE5C4">
<createdBy>Matthew</createdBy>
<createdTime>2020-04-14 14:04:53 UTC</createdTime>
<ownerDesignName>model</ownerDesignName>
<engineerTo>
<item key="6D597542-EAEA-0783-5567-EB9234090993" value="true"/>
</engineerTo>
<sourcePk>50467E6F-8DA3-E099-D8DF-816BE0B9E728</sourcePk>
<identifying>false</identifying>
<nameOnSource>objednává</nameOnSource>
<optionalSource>true</optionalSource>
<optionalTarget>false</optionalTarget>
<sourceCardinality>1</sourceCardinality>
<sourceEntity>7991D007-02C5-B461-CF5F-F5BF80A6EA90</sourceEntity>
<targetCardinalityString>*</targetCardinalityString>
<targetEntity>9655023E-EC0D-E988-1CA8-D8A6D856D3F8</targetEntity>
<transferable>true</transferable>
<deleteRule>NO ACTION</deleteRule>
</Relation>