<?xml version = '1.0' encoding = 'UTF-8'?>
<Relation class="oracle.dbtools.crest.model.design.logical.Relation" name="obs_vleku" directorySegmentName="seg_0" id="9D98E07A-4379-F48C-B431-ACCF2AB8ECA6">
<createdBy>Matthew</createdBy>
<createdTime>2020-04-14 13:54:43 UTC</createdTime>
<ownerDesignName>model</ownerDesignName>
<engineerTo>
<item key="6D597542-EAEA-0783-5567-EB9234090993" value="true"/>
</engineerTo>
<sourcePk>D326B7FC-2FDD-B988-0353-357332A2892E</sourcePk>
<identifying>false</identifying>
<nameOnSource>obsluhuje</nameOnSource>
<optionalSource>true</optionalSource>
<optionalTarget>false</optionalTarget>
<sourceCardinality>1</sourceCardinality>
<sourceEntity>125206A4-3488-B2BC-E675-908D5E389E93</sourceEntity>
<targetCardinalityString>*</targetCardinalityString>
<targetEntity>5170259A-6EA9-FD9D-6607-ADABCFEEB370</targetEntity>
<transferable>true</transferable>
<deleteRule>NO ACTION</deleteRule>
</Relation>