<?xml version = '1.0' encoding = 'UTF-8'?>
<Relation class="oracle.dbtools.crest.model.design.logical.Relation" name="masaze" directorySegmentName="seg_0" id="A962C77F-9EE8-531E-4DAD-E9C59EED3F1E">
<createdBy>Matthew</createdBy>
<createdTime>2020-04-14 13:58:51 UTC</createdTime>
<ownerDesignName>model</ownerDesignName>
<engineerTo>
<item key="6D597542-EAEA-0783-5567-EB9234090993" value="true"/>
</engineerTo>
<sourcePk>077D9DB7-2E2A-DBBA-0D97-797DEBCC4FC8</sourcePk>
<identifying>false</identifying>
<nameOnSource>provádí</nameOnSource>
<optionalSource>true</optionalSource>
<optionalTarget>false</optionalTarget>
<sourceCardinality>1</sourceCardinality>
<sourceEntity>5022BA1A-2BB5-C570-8A22-F4ABD497A9FD</sourceEntity>
<targetCardinalityString>*</targetCardinalityString>
<targetEntity>3D084C00-AB01-9D82-81D0-A80468498851</targetEntity>
<transferable>true</transferable>
<deleteRule>NO ACTION</deleteRule>
</Relation>