<?xml version = '1.0' encoding = 'UTF-8'?>
<Relation class="oracle.dbtools.crest.model.design.logical.Relation" name="sluzby_obj" directorySegmentName="seg_0" id="BDE8FDB6-284A-A040-B706-592127DD1AC3">
<createdBy>Matthew</createdBy>
<createdTime>2020-04-14 14:34:37 UTC</createdTime>
<ownerDesignName>model</ownerDesignName>
<engineerTo>
<item key="6D597542-EAEA-0783-5567-EB9234090993" value="true"/>
</engineerTo>
<sourcePk>D607B3A7-9AE2-6F67-2915-17919C00F563</sourcePk>
<identifying>true</identifying>
<nameOnTarget>jsou</nameOnTarget>
<optionalSource>true</optionalSource>
<optionalTarget>false</optionalTarget>
<sourceCardinality>1</sourceCardinality>
<sourceEntity>15FB460C-A263-35F1-1012-BA95FD71A51D</sourceEntity>
<targetCardinalityString>*</targetCardinalityString>
<targetEntity>79C7BF05-A270-5B5C-5916-8EE3128B2BE8</targetEntity>
<transferable>true</transferable>
<deleteRule>NO ACTION</deleteRule>
</Relation>