<?xml version = '1.0' encoding = 'UTF-8'?>
<Relation class="oracle.dbtools.crest.model.design.logical.Relation" name="zam2" directorySegmentName="seg_0" id="C00999D7-27D3-A0BA-B67B-1AC345FBE42F">
<createdBy>Matthew</createdBy>
<createdTime>2020-04-14 13:51:44 UTC</createdTime>
<ownerDesignName>model</ownerDesignName>
<engineerTo>
<item key="6D597542-EAEA-0783-5567-EB9234090993" value="true"/>
</engineerTo>
<sourcePk>737779F7-246E-1001-A830-338286E49060</sourcePk>
<identifying>true</identifying>
<nameOnSource>je</nameOnSource>
<optionalSource>true</optionalSource>
<optionalTarget>false</optionalTarget>
<sourceCardinality>1</sourceCardinality>
<sourceEntity>60A4D331-E45D-0A4A-6564-F2C0BC7C4025</sourceEntity>
<targetCardinalityString>1</targetCardinalityString>
<targetEntity>F6FAD7EF-23D4-EEC8-E978-7210023DC04F</targetEntity>
<transferable>true</transferable>
<deleteRule>NO ACTION</deleteRule>
</Relation>