<?xml version = '1.0' encoding = 'UTF-8'?>
<Relation class="oracle.dbtools.crest.model.design.logical.Relation" name="typ_sluzby" directorySegmentName="seg_0" id="C8B23D32-AE90-5AD3-C2BD-D1ECD76EFD43">
<createdBy>Matthew</createdBy>
<createdTime>2020-04-14 14:25:12 UTC</createdTime>
<ownerDesignName>model</ownerDesignName>
<engineerTo>
<item key="6D597542-EAEA-0783-5567-EB9234090993" value="true"/>
</engineerTo>
<sourcePk>214BAE02-0A61-8219-1865-DF193F4D0331</sourcePk>
<identifying>false</identifying>
<nameOnTarget>je typu</nameOnTarget>
<optionalSource>true</optionalSource>
<optionalTarget>false</optionalTarget>
<sourceCardinality>1</sourceCardinality>
<sourceEntity>BC1D9E92-55ED-CBDD-4581-BB508E9D4F6A</sourceEntity>
<targetCardinalityString>*</targetCardinalityString>
<targetEntity>15FB460C-A263-35F1-1012-BA95FD71A51D</targetEntity>
<transferable>true</transferable>
<deleteRule>NO ACTION</deleteRule>
</Relation>