<?xml version = '1.0' encoding = 'UTF-8'?>
<Relation class="oracle.dbtools.crest.model.design.logical.Relation" name="zam1" directorySegmentName="seg_0" id="D44FEB24-47C3-FFE7-4367-2E6B26A431B7">
<createdBy>Matthew</createdBy>
<createdTime>2020-04-14 13:51:22 UTC</createdTime>
<ownerDesignName>model</ownerDesignName>
<engineerTo>
<item key="6D597542-EAEA-0783-5567-EB9234090993" value="true"/>
</engineerTo>
<sourcePk>737779F7-246E-1001-A830-338286E49060</sourcePk>
<identifying>true</identifying>
<nameOnSource>je</nameOnSource>
<optionalSource>true</optionalSource>
<optionalTarget>false</optionalTarget>
<sourceCardinality>1</sourceCardinality>
<sourceEntity>60A4D331-E45D-0A4A-6564-F2C0BC7C4025</sourceEntity>
<targetCardinalityString>1</targetCardinalityString>
<targetEntity>5022BA1A-2BB5-C570-8A22-F4ABD497A9FD</targetEntity>
<transferable>true</transferable>
<deleteRule>NO ACTION</deleteRule>
</Relation>