<?xml version = '1.0' encoding = 'UTF-8'?>
<Relation class="oracle.dbtools.crest.model.design.logical.Relation" name="polozky_v_obj" directorySegmentName="seg_0" id="FC9C949B-7AB8-DDF7-4DE3-C5525E2DBAA1">
<createdBy>Matthew</createdBy>
<createdTime>2020-04-14 14:32:10 UTC</createdTime>
<ownerDesignName>model</ownerDesignName>
<engineerTo>
<item key="6D597542-EAEA-0783-5567-EB9234090993" value="true"/>
</engineerTo>
<sourcePk>8EFDC9ED-ADCA-70B0-FF8C-D9132A9A61DC</sourcePk>
<identifying>true</identifying>
<nameOnSource>obsahuje</nameOnSource>
<optionalSource>true</optionalSource>
<optionalTarget>false</optionalTarget>
<sourceCardinality>1</sourceCardinality>
<sourceEntity>9655023E-EC0D-E988-1CA8-D8A6D856D3F8</sourceEntity>
<targetCardinalityString>*</targetCardinalityString>
<targetEntity>79C7BF05-A270-5B5C-5916-8EE3128B2BE8</targetEntity>
<transferable>true</transferable>
<deleteRule>NO ACTION</deleteRule>
</Relation>