<?xml version = '1.0' encoding = 'UTF-8'?>
<Arc class="oracle.dbtools.crest.model.design.logical.Arc" directorySegmentName="seg_0" id="9F364094-D646-9520-EB81-A78A25060DDF" name="Arc_1">
<createdBy>Matthew</createdBy>
<createdTime>2020-04-14 14:28:42 UTC</createdTime>
<ownerDesignName>model</ownerDesignName>
<engineerTo>
<item key="6D597542-EAEA-0783-5567-EB9234090993" value="true"/>
</engineerTo>
<entity>15FB460C-A263-35F1-1012-BA95FD71A51D</entity>
<relations>
<relationID>ED1771F1-7770-DEFE-BB84-A95691AA3C4A</relationID>
<relationID>4DB2C6FC-08A4-EF35-0C13-07A894D88ED7</relationID>
</relations>
</Arc>